recording_id,label,subtype,person,trim_method,acc_x_mean,acc_x_std,acc_x_min,acc_x_max,acc_x_range,acc_x_median,acc_x_rms,acc_x_peak,acc_y_mean,acc_y_std,acc_y_min,acc_y_max,acc_y_range,acc_y_median,acc_y_rms,acc_y_peak,acc_z_mean,acc_z_std,acc_z_min,acc_z_max,acc_z_range,acc_z_median,acc_z_rms,acc_z_peak,acc_mag_mean,acc_mag_std,acc_mag_min,acc_mag_max,acc_mag_range,acc_mag_median,acc_mag_rms,acc_mag_peak,gyro_x_mean,gyro_x_std,gyro_x_min,gyro_x_max,gyro_x_range,gyro_x_median,gyro_x_rms,gyro_x_peak,gyro_y_mean,gyro_y_std,gyro_y_min,gyro_y_max,gyro_y_range,gyro_y_median,gyro_y_rms,gyro_y_peak,gyro_z_mean,gyro_z_std,gyro_z_min,gyro_z_max,gyro_z_range,gyro_z_median,gyro_z_rms,gyro_z_peak,gyro_mag_mean,gyro_mag_std,gyro_mag_min,gyro_mag_max,gyro_mag_range,gyro_mag_median,gyro_mag_rms,gyro_mag_peak,gravity_x_mean,gravity_x_std,gravity_x_min,gravity_x_max,gravity_x_range,gravity_x_median,gravity_x_rms,gravity_x_peak,gravity_y_mean,gravity_y_std,gravity_y_min,gravity_y_max,gravity_y_range,gravity_y_median,gravity_y_rms,gravity_y_peak,gravity_z_mean,gravity_z_std,gravity_z_min,gravity_z_max,gravity_z_range,gravity_z_median,gravity_z_rms,gravity_z_peak
Fall_Backward_Lukas1,fall,backward,lukas,peak_centered_fall,-0.07529678445155004,3.47292369378992,-8.83817204759121,44.17418967366218,53.012361721253384,0.0074406713947653,3.4694078436653024,44.17418967366218,-0.05028534095857358,4.331654489406186,-19.52789199956656,67.8795497287035,87.40744172827006,-0.0054164720907807,4.3265422836621035,67.8795497287035,0.17768850739051253,2.4955437594136667,-20.455357558107377,13.125776886564491,33.58113444467187,-0.0045440731704235,2.49875595856621,13.125776886564491,1.6538934123449596,5.86087342306351,0.0089314519549327,76.17388820758157,76.16495675562663,0.1105108903558459,6.08272473966006,76.17388820758157,-0.07476141734195042,0.7377214881933983,-6.114749431610107,4.188079833984375,10.302829265594482,-0.0002931882627308,0.7405842788998988,4.188079833984375,-0.04914988988129065,0.892676933614003,-4.932071685791016,11.240755081176758,16.172826766967773,-0.0026621224824339,0.8929169094842604,11.240755081176758,-0.12759151684144684,0.890585243101208,-8.662543296813965,2.327831268310547,10.990374565124512,-0.0006253485335037,0.8985787444556514,2.327831268310547,0.5733013619238214,1.3524408775524694,0.0004808011979826,13.144667018547768,13.144186217349786,0.0370015301478489,1.4673818321705163,13.144667018547768,5.798908243899811,1.9046348660977415,1.7304118802264332,9.011492724755406,7.281080844528973,4.398277044522762,6.102943906473609,9.011492724755406,0.4708378802332405,4.318370733494669,-5.824692241665721,9.130000446236131,14.954692687901852,2.603015383245051,4.338606867217725,9.130000446236131,-5.232569909563456,3.5711299926520246,-8.4141066773206,-0.0128104399582312,8.401296237362368,-7.980346426987648,6.332531434317354,-0.0128104399582312
Fall_Backward_Lukas10,fall,backward,lukas,peak_centered_fall,-0.028815580825518872,7.683276039143473,-22.28982573287487,140.38487475948332,162.6747004923582,0.0033826281756162,7.673744017044155,140.38487475948332,0.11827209085412008,2.3611040247730757,-34.35030796835422,13.96788588259816,48.31819385095238,0.010164963525813,2.3611222391952205,13.96788588259816,0.0783273477409325,2.654333839956482,-37.89746502739191,13.64188048906326,51.53934551645517,0.014173048389703,2.652179011962997,13.64188048906326,1.7962384033149401,8.272816850622318,0.0056252116690894,142.6387701338187,142.6331449221496,0.2809212930835335,8.45548928087785,142.6387701338187,-0.08004969842641955,0.540669683363207,-2.8906190395355225,4.48125696182251,7.371876001358032,-0.000818338303361,0.5458962116803515,4.48125696182251,0.04814464694842408,0.8329584566790615,-8.650542259216309,4.917272567749023,13.567814826965332,0.0055726855061948,0.8333111505712382,4.917272567749023,-0.1584230450117273,1.3607960509979855,-22.258544921875,3.0014615058898926,25.260006427764893,-0.0036101026926189,1.3683003630587147,3.0014615058898926,0.5849855069051632,1.5902056809798117,0.00063772307711,22.702104547404296,22.701466824327188,0.1365878476806828,1.6925294771849415,22.702104547404296,7.361881314725448,2.9737634450339097,2.3543220697104927,9.731033325740697,7.3767112560302035,9.552351413804292,7.93842002410782,9.731033325740697,-3.2382172337647566,4.4428772172625415,-9.441634784591198,3.7011557806164026,13.142790565207601,-0.2607227009590715,5.493267150602137,3.7011557806164026,-1.0787681630036514,1.3478430177804706,-3.791934952694177,1.2178335292443632,5.00976848193854,-1.805127952384204,1.7250771501670707,1.2178335292443632
Fall_Backward_Lukas2,fall,backward,lukas,peak_centered_fall,-0.08400126979224327,5.955940358065044,-9.61384487016499,88.95299943766594,98.56684430783093,0.0074129066050052,5.949102440961609,88.95299943766594,0.10147937572028073,2.1963146561923783,-10.23474331061244,33.65370517536402,43.888448485976454,-0.000703910485655,2.195920470118068,33.65370517536402,0.13263668331359746,2.54696988898578,-35.09705338712931,18.97533644298315,54.072389830112456,0.0073381608683615,2.547247712554138,18.97533644298315,1.7376294538128276,6.617568198203897,0.0083273940225029,96.98077837443935,96.97245098041685,0.2007007402675817,6.833912310913217,96.98077837443935,-0.16696585794580412,0.5991816788341519,-3.141696214675904,3.8160340785980233,6.957730293273928,-0.0021618369501084,0.6212897661563112,3.8160340785980233,0.18168987190708555,0.9117217711766239,-3.781427145004273,7.137248992919922,10.918676137924194,0.00446472549811,0.9285337303479894,7.137248992919922,-0.13903557632740893,0.8054428016841275,-7.500608444213867,3.16099500656128,10.661603450775146,-0.0011857883073389,0.8163646228888304,3.16099500656128,0.6655530207914362,1.2146379713866158,0.0012967440867212,7.872269854350343,7.870973110263622,0.1013381487625569,1.3837004948430633,7.872269854350343,6.373486500467571,2.9517401672324572,1.734786149787903,9.700707745581864,7.9659215957939615,8.331814763081073,7.022276880077699,9.700707745581864,-2.673167622618416,5.019893547988062,-9.622874564316868,6.0075797885984175,15.630454352915287,0.3188158838896081,5.681752823445181,6.0075797885984175,2.4332354289435263,2.9456241178137574,-4.303724491386116,5.569534408292174,9.87325889967829,4.41847929007411,3.8178133056308683,5.569534408292174
Fall_Backward_Lukas3,fall,backward,lukas,peak_centered_fall,-0.09770996983844668,2.8770930101966616,-11.667556099838018,36.9140256526947,48.58158175253271,0.0353179816186428,2.8751641472166822,36.9140256526947,-0.012827326309699528,6.245092096021966,-10.277204149723053,113.29042405481336,123.5676282045364,-0.0145800217553973,6.237313527420974,113.29042405481336,0.2481730203604823,3.0342982885022227,-45.8237291510582,12.379105117547512,58.20283426860571,-0.0051197906991466,3.0406571553566177,12.379105117547512,1.910116356149389,7.273212468096119,0.0210012186505735,119.79402203748953,119.77302081883896,0.2590590849548534,7.511074813181552,119.79402203748953,-0.21705630352573138,0.8668229847760512,-4.445919513702393,6.435802936553955,10.881722450256348,-0.0106237409636378,0.8925366967503088,6.435802936553955,-0.030414981872918637,1.1105518514118664,-5.680502414703369,11.103240966796877,16.783743381500244,-0.0137776490300893,1.1095831926093496,11.103240966796877,-0.10573675638288864,0.7972498554262812,-4.31735372543335,3.736104011535645,8.053457736968994,-0.0033603261690586,0.8032450049249508,3.736104011535645,0.7310793152430843,1.4641955110573575,0.0006322536242811,11.8222592705149,11.821627016890618,0.1056358990018598,1.6349309325791086,11.8222592705149,7.79123777349735,1.2788496005597962,3.2287381751090285,9.163960583505034,5.9352224083960055,8.706459976622462,7.895236785517162,9.163960583505034,1.0163769737163622,5.4881580736639,-7.258194182199239,8.768710973352194,16.026905155551432,4.39307889135778,5.574745669213421,8.768710973352194,0.06441059162748344,1.6614963105156622,-5.770509985101223,1.79764154215157,7.568151527252793,0.4339474434681236,1.6606729057019065,1.79764154215157
Fall_Backward_Lukas4,fall,backward,lukas,peak_centered_fall,0.08349170663985142,6.145950555983166,-21.815932794117927,100.09171403398511,121.90764682810304,-0.0064735799282789,6.138850285010677,100.09171403398511,-0.1052586572524954,2.740127465713269,-24.188039526844022,14.543063605356217,38.73110313220024,-0.0061660666153766,2.7387321842055186,14.543063605356217,0.1714194899953812,3.1358455205177123,-43.83060770690441,11.264663865977523,55.095271572881934,0.007877601507306,3.136620674955574,11.264663865977523,2.136810526070999,7.112293107703856,0.0025474342055215,102.17663255741854,102.17408512321302,0.2453573268029598,7.417851849230852,102.17663255741854,-0.129629916028396,0.7056646228731794,-5.671505928039551,4.725801944732666,10.397307872772217,-0.0052680578082799,0.716606358616135,4.725801944732666,0.26130343071374335,1.6036701370056525,-7.250323295593262,10.717848777770996,17.968172073364258,0.0029306847136467,1.6228444256487156,10.717848777770996,-0.1245563822578374,1.9684198878356092,-18.3503646850586,10.175572395324709,28.525937080383308,-0.0027236866299062,1.9699057366763364,10.175572395324709,1.0089364118074753,2.4545364008231885,0.0007515519828713,19.28587051273296,19.285118960750086,0.0947540298415405,2.650976671805794,19.28587051273296,5.7201007925544225,3.1431908771284878,1.055957936810702,9.770825822424888,8.714867885614186,8.039785288906097,6.524918730424259,9.770825822424888,-2.8058286191979085,5.480621256324694,-9.7374601439178,7.936935155284404,17.674395299202203,-0.1712854632758535,6.151014374605005,7.936935155284404,2.282725988876256,3.2521350243316207,-4.968211605930328,5.614848883268237,10.583060489198566,1.232387393645197,3.9699930905203464,5.614848883268237
Fall_Backward_Lukas5,fall,backward,lukas,peak_centered_fall,0.01225562454475054,4.654801368943845,-10.978441032254697,73.74220140640735,84.72064243866204,0.0114344172060489,4.649009908285524,73.74220140640735,-0.05704430550015123,2.5787360514715627,-13.856273765850066,30.319533864402768,44.175807630252834,-0.0063441083297133,2.576150312965769,30.319533864402768,0.14027076913885964,2.128411974256925,-14.971387217593191,10.683159278285505,25.654546495878698,0.0048678982973098,2.1303793839965133,10.683159278285505,1.9375798561554527,5.395065295579503,0.0057505332428384,77.54152846930492,77.53577793606209,0.2963491218020526,5.726112108760006,77.54152846930492,-0.21363946942898776,0.9963593571165537,-5.576191425323486,3.919124126434326,9.495315551757812,-0.0025305284652858,1.0177908186815083,3.919124126434326,0.07159508184699384,1.3383780818308837,-6.61821985244751,7.1643967628479,13.78261661529541,-0.0050214915536344,1.3386242091699654,7.1643967628479,-0.09855290072211796,0.9354066258726677,-6.051656246185303,4.600069522857666,10.651725769042969,-0.0017143988516181,0.939423344983551,4.600069522857666,0.912431688757498,1.6985264355657124,0.0005357978454062,8.821475815412187,8.82094001756678,0.1158155442028312,1.9262214683333727,8.821475815412187,7.47269414407012,1.5278328438402502,1.5305720294490457,9.553777062693236,8.02320503324419,7.833169075861573,7.6269004083812115,9.553777062693236,0.2937892531165332,4.6953376459860054,-6.43281537169218,9.581455927735568,16.014271299427747,2.263858831714093,4.698673184117557,9.581455927735568,2.542570535201985,3.0793228359876457,-4.265094024218619,6.502018671777844,10.767112695996463,2.69063521450907,3.990394416349518,6.502018671777844
Fall_Backward_Lukas6,fall,backward,lukas,peak_centered_fall,-0.09021131033739749,3.964718937582315,-20.36625304124356,40.433848130083085,60.800101171326645,-0.0163601831704378,3.960799773105343,40.433848130083085,0.08541890373452934,4.006814163443933,-65.20064849886894,21.405666232097147,86.60631473096609,0.0075347794190049,4.002726548355588,21.405666232097147,0.0066661517398608,3.0871651727849923,-37.08455406879187,14.854443092167376,51.93899716095925,0.0111497550457715,3.083320642953211,14.854443092167376,1.8533016199984493,6.154376385224159,0.0011079545733048,84.71135532399951,84.71024736942621,0.2027563663969527,6.420017200195291,84.71135532399951,-0.17718900725050385,1.2241953235047325,-12.735189437866213,5.0171217918396,17.75231122970581,-0.0052482178434729,1.2354403434147117,5.0171217918396,0.21930312048112555,1.407594103702825,-8.533465385437012,10.52599811553955,19.059463500976562,0.0051147174090147,1.4228401417257264,10.52599811553955,-0.13727781250248397,1.5999745367274611,-14.941000938415527,5.3546881675720215,20.29568910598755,-0.0013135994086042,1.603864046382373,5.3546881675720215,0.8287192877323396,2.3345196744281984,0.0003034466346698,20.04014631055194,20.03984286391727,0.0753974908668975,2.4745033421518725,20.04014631055194,5.016397216351431,4.628617959208162,-1.9010180377349253,9.804714063501358,11.705732101236283,8.324020163682103,6.82165072037014,9.804714063501358,-4.775978165834568,3.880467840558986,-9.76825100350082,5.086458046126365,14.854709049627186,-2.587742118528485,6.150646055780129,5.086458046126365,2.157683903294676,2.6771803656224704,-7.342515556439757,4.668178858041763,12.01069441448152,4.00015801641345,3.435843562171954,4.668178858041763
Fall_Backward_Lukas7,fall,backward,lukas,peak_centered_fall,-0.16723835957154373,4.458034128967425,-16.918447167795897,47.86888707191944,64.78733423971534,0.0037684126228094,4.455611708439353,47.86888707191944,-0.007988015287127965,2.1599286913457774,-9.66826794974804,21.558378420996664,31.226646370744703,0.0213537536740303,2.1572486216402957,21.558378420996664,0.28004276295236347,4.397824301370632,-28.97948469907045,58.35574753303528,87.33523223210572,0.0176776955097913,4.40125561257951,58.35574753303528,1.8716336618106042,6.362010005059631,0.0075098751261612,77.02079526378054,77.01328538865438,0.1822282992943102,6.6239903592331295,77.02079526378054,0.03924310977711223,0.9238090051655399,-2.430792093276977,11.768481254577637,14.199273347854614,-7.59732211008e-05,0.9234905860849999,11.768481254577637,0.010794098678415423,2.8880992539454566,-34.02452850341797,32.97224044799805,66.99676895141602,-0.0021147024817764,2.8845160810668338,32.97224044799805,-0.12211450971483004,0.7406761767273059,-4.475287437438965,2.1451833248138428,6.620470762252808,-0.0014774553710594,0.7497633423049695,2.1451833248138428,0.8480348613643054,3.00645812418295,0.0008194328343817,35.256261130034055,35.25544169719967,0.0589592715593405,3.1201623281465825,35.256261130034055,7.397199742114915,1.3134533332429708,0.3549110604258254,9.414688909998535,9.05977784957271,8.274950135564804,7.512617489235359,9.414688909998535,0.17232336547871577,5.414268217328989,-7.66129567489624,8.335559794828296,15.996855469724537,3.82295406807512,5.410258097182531,8.335559794828296,-0.9676384062879749,3.0899125792641082,-4.090112720365823,9.282088950279354,13.372201670645177,-3.534254322844744,3.234203836632625,9.282088950279354
Fall_Backward_Lukas8,fall,backward,lukas,peak_centered_fall,-0.0002491506334032268,5.465065214412498,-18.29623423537016,79.29905461230277,97.59528884767293,-0.0035492169141769,5.458246670700877,79.29905461230277,0.09782219517149725,2.3586686484720243,-14.41742763943076,18.083758190381527,32.501185829812286,-0.0036876024715602,2.357756001942514,18.083758190381527,0.08386719526030997,2.2481022244807454,-20.546056650686264,15.678333709943294,36.224390360629556,0.0119406314288266,2.246863128369892,15.678333709943294,1.7765617916537952,6.110384720414876,0.0051058184616238,81.49014398522647,81.48503816676484,0.1225243094907911,6.356088734476674,81.49014398522647,-0.05671470848166447,0.4904146637809654,-4.188265323638916,3.725598335266113,7.913863658905029,-0.0009281929815188,0.4930753833550971,3.725598335266113,0.05862803157390516,1.1685553109415183,-5.887698173522949,8.310239791870117,14.197937965393066,-0.0011408512946218,1.1685689839523539,8.310239791870117,-0.10104062647223147,1.3695530758414536,-16.770549774169922,8.070693969726562,24.841243743896484,-0.0032963592093437,1.371571121165121,8.070693969726562,0.6618380316925578,1.7491381307821419,0.0010835160585298,17.548441917762243,17.547358401703715,0.0563466580933233,1.868123160913209,17.548441917762243,8.152796074703595,1.9948591197398178,5.072434196949005,9.730456987157464,4.6580227902084586,9.688656073260306,8.39271248737031,9.730456987157464,-3.3986754559474983,3.550037712897023,-8.382982055738568,4.734275716544688,13.117257772283256,-1.2906107422940432,4.91144930436169,4.734275716544688,-0.27714449128670865,1.2399419388333526,-7.175365092343092,0.8252782727420329,8.000643365085125,0.1962759112181142,1.2690275906521566,0.8252782727420329
Fall_Backward_Lukas9,fall,backward,lukas,peak_centered_fall,-0.16190326939937189,6.510421373638466,-10.296187082612514,113.56685147070884,123.86303855332136,0.0013671966999769,6.504313908023437,113.56685147070884,-0.02919802322143365,2.401137611092799,-10.230748688018322,26.0842402274251,36.31498891544342,-0.0060601037565618,2.3983195453633135,26.0842402274251,0.07904764246808134,4.976240830828059,-78.69677260951995,37.2423773170948,115.93914992661476,0.0185245215974748,4.970660749516865,37.2423773170948,1.9995664880539965,8.302960694711484,0.001580051442429,116.8765610018486,116.87498095040617,0.1234668129236257,8.530269886853896,116.8765610018486,-0.008766879744774329,0.7968464040216469,-6.074685573577881,5.741588115692139,11.81627368927002,-0.0011278127785772,0.7959004949950131,5.741588115692139,0.06117366851981557,1.934611574424219,-12.313725471496582,25.054012298583984,37.367737770080566,0.0072819264605641,1.9331659759147792,25.054012298583984,-0.14955393171653225,0.9072856771193442,-7.562356472015381,2.904120683670044,10.466477155685425,-0.0043478244915604,0.9184121580824839,2.904120683670044,0.7235110538219643,2.1684850559359874,0.0007467144847734,26.42147714445697,26.420730429972195,0.0377761357494382,2.283433638291591,26.42147714445697,7.995861311334267,2.2541761965235425,4.254709116065502,9.78314871290326,5.528439596837758,9.632671735709906,8.306770542048522,9.78314871290326,-2.845744487250887,3.9836624234591196,-8.635714707791804,5.786635774993896,14.4223504827857,-0.6317671135295182,4.891651358435572,5.786635774993896,-0.3736934031367389,1.7628959790695091,-2.388100420671701,7.971821175226569,10.35992159589827,-1.5756595638014377,1.7999163486980316,7.971821175226569
Fall_Backward_Polina1,fall,backward,polina,peak_centered_fall,0.1069566987666016,1.278337925417278,-11.474103904271123,3.5061300521224736,14.980233956393597,0.0003081891663372,1.2812032187934421,3.5061300521224736,-0.028410577125733562,1.3291943774433483,-7.795019085687398,7.367196993231773,15.162216078919172,-0.010930705467611549,1.3278274602668283,7.367196993231773,0.11030599212147314,1.9463766972124472,-12.968548681545256,7.515344066172838,20.483892747718095,-0.00441372478902335,1.9470570384529327,7.515344066172838,1.3122775632842554,2.3425100811474384,0.0113363760454399,15.582404417489093,15.571068041443652,0.2615452657308108,2.6824687441001878,15.582404417489093,-0.015122345041474281,1.025615280291283,-3.5868921279907227,7.630865573883057,11.21775770187378,-0.00089922687038775,1.0244376296639675,7.630865573883057,-0.07939639241825415,0.6394068319851559,-6.460671424865723,3.129394292831421,9.590065717697144,-0.00645695696584875,0.6435197316179748,3.129394292831421,0.059975062216159385,0.6343632708865679,-3.910243272781372,2.600364923477173,6.510608196258545,0.0007779146544635001,0.6363982009341203,2.600364923477173,0.6524843998858626,1.2027016588966526,0.0009119457277639,10.735939042258114,10.73502709653035,0.1001133744412725,1.3669648028407253,10.735939042258114,-3.917447410466125,1.7739923749479443,-6.321241248866915,-1.3433821091473102,4.977859139719605,-5.2587394433706995,4.299480899130089,-1.3433821091473102,-3.745939663488661,4.729775975899266,-9.677724929401275,7.078719074058532,16.75644400345981,-1.7298671058252455,6.028817193511207,7.078719074058532,-5.6205904370978175,3.12597668145613,-8.785955538141726,-0.8410418782588094,7.944913659882917,-7.8761761506780985,6.429480149175405,-0.8410418782588094
Fall_Backward_Polina10,fall,backward,polina,peak_centered_fall,0.020051861283448654,1.3211901972061497,-9.474183301496506,4.546966553777456,14.021149855273961,-0.0195317989438772,1.3196775285001539,4.546966553777456,0.11873601965464638,0.8621908926764341,-3.2693568934842943,6.334542628988623,9.603899522472917,-0.005213131538406,0.869251920542021,6.334542628988623,0.06726507611140255,2.1329282929152016,-15.41181160199046,8.686158362349868,24.09796996434033,-0.0193546888113021,2.1313020175238004,8.686158362349868,1.1060394412968062,2.414738139462947,0.0120220946772445,17.65113466946658,17.639112574789333,0.0877429877834082,2.6532236940173908,17.65113466946658,-0.15000150310959412,0.6853907659259986,-3.714809894561768,2.103865623474121,5.818675518035889,-0.0018236609175801,0.700769346595615,2.103865623474121,-0.036889724147808674,0.3795970618800659,-4.600058555603027,1.4205161333084106,6.020574688911438,-0.0017225809860974,0.38090920720652416,1.4205161333084106,0.06553241063756234,0.3681865187675206,-0.995172917842865,2.5463685989379883,3.5415415167808533,0.001233980525285,0.3735161913259376,2.5463685989379883,0.359922937464666,0.8048422146580368,0.0011332086890307,5.097962667260094,5.096829458571063,0.0199640298041842,0.8807291561231422,5.097962667260094,-3.573476078350143,2.1010484336476796,-5.482948011729121,-0.4372363289456814,5.045711682783439,-5.128955125594139,4.144033831452315,-0.4372363289456814,-3.6995699290653823,4.352344401236116,-9.745502580597996,3.726948978042602,13.472451558640598,-1.109252669950947,5.708064849768692,3.726948978042602,-6.032921745800297,3.169309946054913,-9.059870678955315,-1.0020538396004586,8.057816839354857,-8.196506128925085,6.8128825949988485,-1.0020538396004586
Fall_Backward_Polina11,fall,backward,polina,peak_centered_fall,-0.01186777675875233,1.4700828912801416,-8.917631953275203,5.530462627097964,14.448094580373166,-0.0177630357056856,1.4682874892510043,5.530462627097964,0.08986310038102237,0.8331146627040624,-4.043673917534947,3.427762033328414,7.471435950863361,-0.0084073244698345,0.8369085189237373,3.427762033328414,0.06200749392003605,2.2368435702925527,-18.057494452834128,8.867109388262033,26.92460384109616,0.0010907178461551,2.23489911725543,8.867109388262033,1.209449110085146,2.5306801292951135,0.0091772389976191,20.38840343230653,20.37922619330891,0.2230869127980407,2.8019739621287063,20.38840343230653,-0.14830716342238107,0.67446872817891,-3.621860980987549,2.209124565124512,5.8309855461120605,0.0009839073754847,0.689755724549844,2.209124565124512,-0.05405345600667901,0.42252112991480717,-4.677422046661377,1.580688238143921,6.258110284805298,-0.0094549003988504,0.42543912901330816,1.580688238143921,0.052891864780952834,0.37965501996490836,-1.7897984981536863,1.968555688858032,3.7583541870117183,0.0016618883237242,0.3828501476938618,1.968555688858032,0.38933687461141187,0.808325438583348,0.0012707611976643,5.1233248241286455,5.122054062930982,0.0538823385110843,0.8962899350288913,5.1233248241286455,-3.50086743021857,2.6075637912795258,-5.977261222702264,0.3100825788684189,6.287343801570683,-5.326834489953518,4.363303864568196,0.3100825788684189,-4.130573441703624,4.0765360819127645,-9.74327672124207,3.1485207290560004,12.891797450298071,-1.7732190485566854,5.7998391266182265,3.1485207290560004,-5.842301469738677,3.0634732573772783,-9.034148208677768,-1.0742064179457724,7.959941790731996,-7.859431644365191,6.594985510867041,-1.0742064179457724
Fall_Backward_Polina12,fall,backward,polina,peak_centered_fall,0.04563832743374242,1.6762576229419555,-12.773825735390185,6.975633962637185,19.74945969802737,-0.0199879452135413,1.6747776780350256,6.975633962637185,0.08501451408173316,1.0748732868377568,-3.651232642801106,7.820019086909293,11.4712517297104,-0.0114244438013061,1.0768864516994316,7.820019086909293,0.06366761958987306,2.076014410556043,-16.791277416431903,7.392983176395297,24.1842605928272,-0.0121609779149293,2.074388537630931,7.392983176395297,1.1703200649309933,2.6297024771513486,0.0049800880512565,21.125735652356152,21.120755564304897,0.0800162629790616,2.875352588075552,21.125735652356152,-0.15637405376932711,0.6824674258125951,-3.9354231357574463,2.223315954208374,6.15873908996582,-0.0020995428785681,0.699319175493098,2.223315954208374,-0.051765241949611275,0.31316444368414,-2.9793360233306885,0.6480783224105835,3.627414345741272,-0.0038326969370245,0.31702652042709095,0.6480783224105835,0.0918265595906099,0.5495203660584947,-1.4663987159729004,4.07171106338501,5.53810977935791,0.0013563181273639,0.5564601747820099,4.07171106338501,0.38286421577142316,0.8686236453998273,0.0007660444898468,4.781723259504759,4.780957215014912,0.0230492997195584,0.9482621209269514,4.781723259504759,-4.347013666318507,2.7217877554073637,-6.579657207253575,-0.2714185564911924,6.308238650762383,-6.383855818212032,5.126996163674773,-0.2714185564911924,-3.0627600558577055,4.8386945948176505,-9.763802207398411,5.1319560609757895,14.895758268374202,-0.1094691133700311,5.721432113592031,5.1319560609757895,-5.409796590585725,2.811302686727863,-8.648971079728007,-0.8694486922495067,7.7795223874785,-7.277652331385016,6.095040104111889,-0.8694486922495067
Fall_Backward_Polina2,fall,backward,polina,peak_centered_fall,0.03996491081490364,1.6252353030223128,-16.46464424638748,5.379327478256822,21.8439717246443,-0.00963960621114815,1.6236841831224986,5.379327478256822,0.04945000754983338,0.994399193571958,-3.837546072529256,6.269627381485701,10.107173454014957,-0.0152796944573521,0.9943794861864477,6.269627381485701,0.06983016364689654,2.0850932084514326,-17.078953371572492,7.130447507730126,24.209400879302617,-0.0169086838986724,2.0836425526474076,7.130447507730126,1.1257682127029305,2.591568647054621,0.0168087712064374,22.659217798545125,22.642409027338687,0.09386225392554985,2.822535593446716,22.659217798545125,-0.13861286864983358,0.751445965418361,-4.150535583496094,2.3814988136291504,6.532034397125244,-0.00169098190963265,0.7631944672521129,2.3814988136291504,-0.03770994762281639,0.45250869692213735,-4.7134294509887695,2.1023647785186768,6.815794229507446,-0.0014961014967411,0.4535103948360314,2.1023647785186768,0.06943294127534924,0.5223009512212483,-1.78752601146698,2.671527147293091,4.459053158760071,0.00146919535472985,0.5262449944251577,2.671527147293091,0.4464988066158863,0.9316065225450461,0.0009283703745156,5.136838591711944,5.135910221337428,0.035905533014854996,1.0320229005337545,5.136838591711944,-4.311536494079879,2.1922453893585403,-6.280163973069191,-1.0856974607098846,5.194466512359307,-6.026546062614023,4.8356190463269275,-1.0856974607098846,-3.775766215841903,4.488548265384916,-9.690188105133176,6.159651926028728,15.849840031161904,-1.5882931276641785,5.861130887441258,6.159651926028728,-5.53591181093559,2.7942117564983975,-8.823429821011423,-1.0358647776570171,7.787565043354406,-7.511094299773871,6.199542062490547,-1.0358647776570171
Fall_Backward_Polina3,fall,backward,polina,peak_centered_fall,0.039065388993206523,1.873318388503534,-13.941160372757912,7.12842623103559,21.069586603793503,-0.0143855220966041,1.8713771925053408,7.12842623103559,0.07489173389564414,0.9160805922004283,-4.022920467841625,5.318518497028947,9.341438964870573,-0.0088648589789867,0.917991914951012,5.318518497028947,0.07224507032767462,2.0570156219797786,-17.558520848834515,7.447223300626874,25.00574414946139,-0.0187976394504308,2.0557061619051815,7.447223300626874,1.1719077156064797,2.6861507042727526,0.0070232106325581,22.42861768781038,22.421594477177823,0.0855579684063059,2.927574008738213,22.42861768781038,-0.14581150205672852,0.6469275948913747,-3.480769157409668,1.8726248741149905,5.353394031524658,-0.000722765456885,0.6623650025514638,1.8726248741149905,-0.05131130846611744,0.3634027103905669,-4.080872058868408,1.3187240362167358,5.399596095085144,-0.0023232523817569,0.3665561335153489,1.3187240362167358,0.08699059479620148,0.5843429065453497,-2.0540201663970947,3.7641682624816895,5.818188428878784,0.0006811064667999,0.5900578064725569,3.7641682624816895,0.40035933998583506,0.873431965269239,0.0002526213237998,5.359675067586883,5.359422446263083,0.0239276494272016,0.9598223849243819,5.359675067586883,-4.556193793254817,2.526423721165306,-6.669688775834441,-0.7959799898043275,5.873708786030114,-6.442870901760458,5.208235945685132,-0.7959799898043275,-3.3055814806856003,4.652838258488057,-9.72911960107386,4.984457222810387,14.713576823884246,-0.6381617830026894,5.7027637931700825,4.984457222810387,-5.371733254499851,2.772526266074659,-8.443126435577868,-0.9376959337193518,7.505430501858516,-7.229124739581346,6.043438974233755,-0.9376959337193518
Fall_Backward_Polina4,fall,backward,polina,peak_centered_fall,0.16677770834682792,1.7965635977816377,-12.66227323987484,8.12919025002122,20.79146348989606,-0.0040995442733168,1.8020393765738227,8.12919025002122,0.10649767614989987,1.0409493388604696,-5.115268545547128,6.956813526833057,12.072082072380184,-0.01834565789923065,1.0450812071443671,6.956813526833057,0.03766448361231811,2.5178151708211587,-17.27459752422571,7.331476276031136,24.606073800256848,-0.007895721685886349,2.514932150981095,7.331476276031136,1.3094872124702865,2.9953648946348514,0.0024897327022643,18.71133414737844,18.708844414676175,0.08867015593433,3.26564302523826,18.71133414737844,-0.14880774697363752,0.7031344866013612,-4.2577314376831055,2.022427558898926,6.280158996582031,-0.00142797548323865,0.7178437472809971,2.022427558898926,-0.04479459569620989,0.3952990970440858,-3.266741275787353,1.1918649673461914,4.458606243133545,-0.0010236580856143999,0.3973352682616183,1.1918649673461914,0.03514306728164174,0.48268311656877344,-2.312814712524414,2.4393584728240967,4.752173185348511,0.000687543535605,0.483355605945516,2.4393584728240967,0.391844067784382,0.869001279798834,0.0010224075565128,4.785377684402295,4.784355276845782,0.026699830274805998,0.9522644604908415,4.785377684402295,-4.476279755861029,2.8410719213000344,-7.112291673314571,-0.1782342595004476,6.9340574138141235,-6.530332035331428,5.29985749689926,-0.1782342595004476,-4.921316551706722,3.5815676850069806,-9.73941420059502,3.107140670919418,12.846554871514439,-3.2602503347039224,6.083975136831929,3.107140670919418,-5.026324993601649,2.4120155094994646,-8.41164350207746,-1.1319304387703537,7.279713063307106,-6.5468789732456205,5.5737908217073695,-1.1319304387703537
Fall_Backward_Polina5,fall,backward,polina,peak_centered_fall,0.022652026050544383,1.8968260588163146,-13.160349018251894,6.441701857981085,19.60205087623298,-0.0288140065521001,1.8945830135954997,6.441701857981085,0.1124866249006748,0.9117872496494395,-4.057127565608918,6.80121087718904,10.858338442797958,0.0014753332495689,0.9175650551518697,6.80121087718904,0.0718550722687391,2.107407648441404,-15.727327165693044,8.218474215105175,23.94580138079822,-0.0173544549047946,2.1059913114178364,8.218474215105175,1.2326039736845615,2.713985578273423,0.0033729139939461,19.958964406335216,19.95559149234127,0.1035364954657708,2.9776785974325497,19.958964406335216,-0.147995506257477,0.6702186269598847,-3.983555555343628,2.294238567352295,6.277794122695923,-0.0003247349523007,0.6855434929922821,2.294238567352295,-0.04062894988048794,0.3670454055449864,-4.519847869873047,0.8475961089134216,5.3674439787864685,-0.0016139752697199,0.36882975930755985,0.8475961089134216,0.08064907926069409,0.5220358817795712,-1.7688939571380615,3.872765302658081,5.641659259796143,0.0008828272111713,0.5275819601430208,3.872765302658081,0.386983991057011,0.8581591312061893,0.0007769536817601,5.292006092752019,5.291229139070259,0.0280998997773679,0.9403977864729818,5.292006092752019,-4.652426375288013,2.6160144717334974,-6.818481745463609,-0.780571262139827,6.037910483323782,-6.646368106001615,5.335864614589884,-0.780571262139827,-3.4161883008602087,4.556892482035925,-9.722019998201729,4.54189494960159,14.263914947803318,-0.7103462908562272,5.690656229191434,4.54189494960159,-5.2875247984616776,2.715867850565259,-8.459974694526196,-1.0051804471883925,7.454794247337803,-7.084819729021191,5.942673692495265,-1.0051804471883925
Fall_Backward_Polina6,fall,backward,polina,peak_centered_fall,0.05035090968574871,1.6754767994148416,-15.421258644771576,5.773860464572906,21.195119109344482,-0.0190944304399192,1.6741332306918402,5.773860464572906,0.08020635295558656,0.8003541384759226,-3.894791223795712,3.382818729752302,7.277609953548014,-0.001705488743633,0.803364410206492,3.382818729752302,0.054177884736304235,2.15628358087108,-20.1465008677721,7.186159458079934,27.332660325852036,-0.020709026029706,2.154261148178518,7.186159458079934,1.1294459754533874,2.6135087909641683,0.0063342178813023,23.79373551512857,23.787401297247268,0.0945711017047395,2.8441092707989526,23.79373551512857,-0.14610020984325997,0.7312732073140036,-4.318648338317871,1.9994467496871948,6.318095088005066,-0.0009099515154957,0.7448258341132464,1.9994467496871948,-0.03195638871543986,0.41295025512764644,-4.39147424697876,1.3548998832702637,5.746374130249023,-0.0018994153942912,0.4136686303505035,1.3548998832702637,0.06807385825664085,0.5320595155996579,-1.849581599235535,4.2058210372924805,6.055402636528015,0.001440807711333,0.5357349029768467,4.2058210372924805,0.4111523594796406,0.9197679684754774,0.0015851826513195,4.933159193330411,4.931574010679092,0.0185635695470382,1.0064289071594505,4.933159193330411,-4.615936012145484,2.2222998445024293,-6.662642364454269,-1.3517381418213248,5.310904222632945,-6.302465236726403,5.121826274082992,-1.3517381418213248,-3.3370444192271744,4.646247819954085,-9.63111456939578,5.503213385644555,15.134327955040336,-0.7332503427121788,5.715713424634128,5.503213385644555,-5.4611591514604,2.731730055068039,-8.91888750629425,-1.258480743061751,7.6604067632324995,-7.325937346604466,6.104744527171799,-1.258480743061751
Fall_Backward_Polina7,fall,backward,polina,peak_centered_fall,0.05324587813414504,1.7283009466613324,-12.572350392365454,6.772057263419032,19.344407655784487,-0.0141658879965543,1.7269548371839138,6.772057263419032,0.0677719965151103,0.8862179526189633,-2.963742253810167,6.889815043315291,9.853557297125459,-0.0112103261265903,0.8876975422211412,6.889815043315291,0.05934144270222702,1.821029726596706,-15.648838735389708,5.789857659649849,21.438696395039557,-0.0170417356938123,1.819714131651008,5.789857659649849,1.06613413712239,2.4413182687908357,0.0110359564054282,18.316418416346025,18.305382459940596,0.0992143345697336,2.6611537830551533,18.316418416346025,-0.14962189750253388,0.6493908177548999,-3.4515180587768555,1.9152213335037231,5.366739392280579,-0.0009725438430905,0.6656111725532807,1.9152213335037231,-0.04113716954122622,0.42585758038047045,-4.983837127685547,2.6744043827056885,7.658241510391235,-0.0012687966227531,0.4273083459060244,2.6744043827056885,0.06732962858562071,0.5488682616479659,-1.889446496963501,4.186135292053223,6.075581789016724,0.0009963032789528,0.5522993925735338,4.186135292053223,0.4116952964902817,0.8735472228234706,0.000726612403369,5.625388607621535,5.624661995218166,0.0497884620840393,0.9647099432190953,5.625388607621535,-5.117045804129775,2.323905006394179,-7.028808503463864,-1.6465294819250702,5.382279021538794,-6.836835732799768,5.618821679513765,-1.6465294819250702,-3.2894628466584828,4.583904451053813,-9.617955812615156,5.561717597061396,15.179673409676552,-0.7676241753485054,5.6373827021618155,5.561717597061396,-5.145899467342412,2.520871838864653,-8.501805419039727,-0.9762085466608404,7.525596872378886,-6.81587068618238,5.728799992310399,-0.9762085466608404
Fall_Backward_Polina8,fall,backward,polina,peak_centered_fall,0.033329648464274386,1.8971102952047247,-10.988296071314812,8.576140821316837,19.564436892631647,-0.0096087361488491,1.8950245957930563,8.576140821316837,0.09268762634219439,0.813947912509624,-2.729797888857126,5.113274741381407,7.843072630238533,-0.0100992230795323,0.8181942136634304,5.113274741381407,0.06839279346336663,2.0881972115772913,-20.683091962504385,5.755155179581045,26.43824714208543,-0.0101683427929878,2.0866998892506565,5.755155179581045,1.2435813167013954,2.661980781310603,0.0056123960359718,23.06201242456167,23.056400028525697,0.1048610060064614,2.93511097196199,23.06201242456167,-0.14223877238728255,0.6949257570294336,-4.013879299163818,1.9222478866577148,5.936127185821533,-0.0011037089861929,0.7084796015467573,1.9222478866577148,-0.06644495835301364,0.42350322150910136,-3.895966529846192,1.1103144884109497,5.006281018257141,-0.0060173058882355,0.42815931601973534,1.1103144884109497,0.07607761098137289,0.5245337285980515,-1.8275893926620483,3.389763593673706,5.217352986335754,0.0017132675275206,0.5293712046768728,3.389763593673706,0.4319575107427844,0.8836670119899724,0.0010008366029085,4.885123856123082,4.884123019520174,0.0312624112202346,0.982597383491012,4.885123856123082,-4.581209154565636,2.810847636032108,-6.906591406071185,-0.4301014355644583,6.476489970506727,-6.622093496444821,5.372945196595411,-0.4301014355644583,-3.52882529898416,4.61223001999312,-9.72779741255939,5.61760431945622,15.34540173201561,-1.0648825631529093,5.802754414612394,5.61760431945622,-5.193858076529113,2.582721056312068,-8.226834047171472,-1.1596408679947257,7.067193179176747,-6.963546634480357,5.799128543058889,-1.1596408679947257
Fall_Backward_Polina9,fall,backward,polina,peak_centered_fall,0.07408766926989035,1.4257232947176603,-6.51517450594902,5.17102784217,11.68620234811902,-0.01751402938067905,1.4258571605486718,5.17102784217,0.053324157318623555,0.9185894106266033,-3.624682197266817,5.0951820353299375,8.719864232596755,-0.007938081256579549,0.9189830543712686,5.0951820353299375,0.08216577693079107,1.9514128423214745,-13.47039462611079,7.427649416106939,20.89804404221773,-0.014976035335659901,1.950691012570961,7.427649416106939,1.1306141062283541,2.3276853374607165,0.0069439468079799,14.690077449619384,14.683133502811405,0.14431580515785,2.5851100407979906,14.690077449619384,-0.1800675304652187,0.6893247230680482,-3.686966896057129,1.7372357845306396,5.4242026805877686,-0.00013096351176495,0.7116171712878044,1.7372357845306396,-0.035036147094153834,0.4344438930380059,-3.805960178375244,2.6716742515563965,6.477634429931641,-0.00080968812108035,0.43531000785233764,2.6716742515563965,0.06243676780231635,0.5202035077480848,-1.9910334348678589,3.1092312335968018,5.100264668464661,0.0001744686160236,0.5232877894418982,3.1092312335968018,0.45741243295282774,0.8731628655062751,0.0022807664421148,5.146631826484112,5.1443510600419975,0.0795731046866891,0.9847456077520971,5.146631826484112,-5.073670607610489,1.528842857627451,-6.6616732271611685,-2.888950632198154,3.7727225949630143,-6.241931565308571,5.298454600429789,-2.888950632198154,-2.3994578860482836,4.965578164359201,-9.311010508859155,6.220250479376316,15.53126098823547,0.5072031972823664,5.5093023583869964,6.220250479376316,-5.452146968357537,2.8352505663572294,-8.910635810777544,-0.4342166157983243,8.47641919497922,-7.350498371887207,6.143643441489094,-0.4342166157983243
Fall_Forward_Lukas1,fall,forward,lukas,peak_centered_fall,0.03953220796955593,5.069136203985472,-39.91958577153682,75.27175490646361,115.19134067800044,0.0084475103497505,5.062965978136969,75.27175490646361,0.17872473381325663,1.983159506963336,-16.84253297189474,15.152495479893684,31.995028451788425,0.01375891463086,1.988732354019029,15.152495479893684,-0.19587632081211723,4.916017181740545,-59.124393817973136,42.48326604647636,101.60765986444949,-0.0497270307213068,4.913789278182352,42.48326604647636,2.0601991592888593,7.0436715801885,0.0076209022944185,79.22376041921261,79.21613951691819,0.3245416128152424,7.330348282453865,79.22376041921261,0.11671704219255313,0.7246964413735314,-2.501509189605713,9.087474822998049,11.588984012603762,0.0014817721676081,0.7331426273021948,9.087474822998049,0.023725098555070347,2.115871364047303,-18.487045288085938,29.8462028503418,48.333248138427734,0.0013482782524079,2.1133646494025196,29.8462028503418,0.11965394073091633,0.5324566764699736,-1.8419883251190183,6.762263298034668,8.604251623153687,0.0010358500294387,0.5450873050149835,6.762263298034668,0.6673908823924525,2.206276643597414,0.0013568710413571,29.87583037532524,29.874473504283884,0.1364558748869873,2.3023745184917894,29.87583037532524,-3.436463619262631,2.3805691102724227,-6.366302041342854,0.2456085175280459,6.6119105588709,-5.222088751843572,4.178786792022559,0.2456085175280459,-4.020764608443932,4.036761314497452,-9.672662385314702,1.5513132041826845,11.223975589497385,-1.247307607140392,5.693975143473454,1.5513132041826845,6.179378021652164,2.8499679189653246,1.6019035737350582,9.72522317815721,8.123319604422152,8.150615899887681,6.803438448214911,9.72522317815721
Fall_Forward_Lukas10,fall,forward,lukas,peak_centered_fall,0.09710272964823076,0.868538809866022,-6.841537626880407,8.97206087807715,15.813598504957557,0.0116197837103158,0.8728730767863334,8.97206087807715,0.1301728185742313,3.0235818415021547,-51.658113350176805,14.90333834823966,66.56145169841646,0.0254325474202632,3.0226137683109466,14.90333834823966,-0.13759532970475058,8.065074927186103,-129.53667221851347,63.81805783040523,193.3547300489187,-0.0317512290477752,8.056187559391175,63.81805783040523,1.6498726721233163,8.500492633214103,0.0114845881040568,139.6249145440968,139.61342995599276,0.2062448201063757,8.6487143202126,139.6249145440968,0.1369170172954619,0.756385875565822,-1.4093626737594604,8.87973403930664,10.289096713066101,-4.16542170569e-05,0.7677493928548894,8.87973403930664,-0.014916605171091415,1.3304991764231107,-17.1456356048584,10.651044845581056,27.796680450439453,0.0030699549242854,1.3289228833009004,10.651044845581056,0.06497619422111994,0.25904226459234986,-0.9304856657981871,3.1988015174865723,4.1292871832847595,0.0012891353107988,0.2667535599963111,3.1988015174865723,0.43517086285693957,1.4976154677471734,0.0006343003846872,17.637149815814993,17.636515515430307,0.0609398312182914,1.5577652652952996,17.637149815814993,-0.2801278084652333,0.7108471588612447,-3.997167017903924,1.994578364963829,5.9917453828677525,-0.451218275210075,0.7632268099332103,1.994578364963829,-4.922794310293492,3.4526642042254476,-9.7788618293643,0.983985098946467,10.762846928310768,-2.605260239562392,6.0104131324804655,0.983985098946467,6.733277882011834,3.7631221084182798,0.6492969980664551,9.803245744514465,9.153948746448009,9.425686689352988,7.71121291401903,9.803245744514465
Fall_Forward_Lukas2,fall,forward,lukas,peak_centered_fall,0.25971626468281955,1.6338686057420682,-10.050206242907048,12.867933759629723,22.918140002536774,0.0145478730514645,1.6523685985131455,12.867933759629723,0.06495731358277028,1.9690099571117021,-10.843520520633458,25.27826871269941,36.12178923333287,0.0108627547979354,1.9676258115020662,25.27826871269941,-0.0535417907552734,7.26103148695981,-80.14376823787688,85.96742061510085,166.11118885297773,-0.0389314959406852,7.252169828866438,85.96742061510085,2.1568887581528458,7.394594688669136,0.0071004081998446,90.13663425110244,90.12953384290259,0.4493917880212754,7.693883320285154,90.13663425110244,0.09371209928944145,0.903560590461935,-4.9984049797058105,8.506108283996582,13.504513263702393,0.001282530138269,0.9072859162076011,8.506108283996582,-0.04449133908938142,1.3827071071088173,-20.48127174377441,5.162100791931152,25.643372535705563,-0.0001735929399728,1.3816984639883862,5.162100791931152,0.08381844000011784,0.32167783067106104,-1.3818366527557373,1.5928280353546145,2.9746646881103516,0.0015501291491091,0.3320302865380761,1.5928280353546145,0.6706080258250644,1.5487960919466233,0.0005595769848081,20.535039636496094,20.534480059511285,0.1690581731242337,1.6859722685486522,20.535039636496094,-3.416419231695069,1.5907004784438463,-5.849332761925458,2.384296352213621,8.23362911413908,-4.196812807413935,3.767749770605712,2.384296352213621,-3.929565550314279,3.7443942728468276,-9.271012844991684,4.073597346633672,13.344610191625357,-1.4948675327308476,5.424666816782177,4.073597346633672,6.588278571686597,3.027354820152937,1.636224507140368,9.784709386348723,8.148484879208356,8.701962665203213,7.248961076586678,9.784709386348723
Fall_Forward_Lukas3,fall,forward,lukas,peak_centered_fall,-0.056672316261515164,1.683033322698499,-11.92309387243986,16.500150444054604,28.423244316494465,0.004813537761569,1.6818885437028737,16.500150444054604,0.16358596707332662,1.135778457727588,-9.481143203637004,8.434580725550651,17.915723929187656,0.0538180994272232,1.1460960405861778,8.434580725550651,-0.08189668116817202,7.28283726680027,-111.6822780795574,65.09583670978546,176.77811478934285,-0.0370931745976209,7.274211785204436,65.09583670978546,1.6820481716478592,7.37310817380156,0.0138829455873912,112.19609758728816,112.18221464170077,0.2333207287106161,7.5535714932535996,112.19609758728816,0.09781570267062889,0.7557172110219007,-2.3084957599639893,8.687917709350586,10.996413469314575,0.0027990804519504,0.761086200106735,8.687917709350586,0.09984502414249562,0.8089668239246536,-6.54995059967041,9.271827697753906,15.821778297424316,0.0017883396940305,0.814103410336836,9.271827697753906,0.062120066512668694,0.22377271098820772,-1.1003289222717283,1.2660129070281982,2.3663418292999268,0.0056492048315703,0.23196606532971112,1.2660129070281982,0.45013810253165415,1.0468684311343988,0.0002121597293811,11.979951890772156,11.979739731042775,0.1155157045492956,1.1383430160454815,11.979951890772156,2.8866268295863304,3.6861647212364828,-2.2962400292284784,8.118815571001171,10.41505560022965,0.402308369557932,4.678305247793314,8.118815571001171,-4.575002433966876,1.0435778593290743,-5.844582352527976,-0.8210970415346324,5.023485310993343,-4.385138746008277,4.692226142464962,-0.8210970415346324,6.137224083022063,3.825943397038994,0.1290457652357872,9.74454630278647,9.615500537550682,8.744289648801088,7.2295822129464,9.74454630278647
Fall_Forward_Lukas4,fall,forward,lukas,peak_centered_fall,0.09809878630219399,1.8070955220805374,-21.93888814265728,20.508212365460395,42.44710050811767,0.043822921244055,1.8075049021507332,20.508212365460395,0.18419031959054644,1.4322099135499953,-9.839542215776444,14.788781410211325,24.62832362598777,0.0495681868977844,1.4422330031578932,14.788781410211325,0.005586905135790675,4.91451922411025,-56.84435162096023,64.30175670838355,121.14610832934378,-0.0351063846945762,4.908390749148458,64.30175670838355,1.4600406978862432,5.232204137915743,0.0100663408520064,67.65693084020448,67.64686449935247,0.3340310970554887,5.425809594247012,67.65693084020448,0.1258547507372204,0.7735938080089634,-1.2965476512908936,9.333560943603516,10.63010859489441,-0.0008874115301296,0.7828118615556129,9.333560943603516,0.032311797182091935,0.9041771012161064,-13.026626586914062,2.69728946685791,15.723916053771973,0.0075422897934913,0.9036268803461307,2.69728946685791,0.062401533394789495,0.2519369956297167,-0.9413788318634032,1.9004106521606443,2.8417894840240474,0.008520626462996,0.2592448962367667,1.9004106521606443,0.5198718923211034,1.108757310676561,0.0025448547345147,14.259329862972711,14.256785008238197,0.1484340460194719,1.2233330967896912,14.259329862972711,-1.271441915661354,1.8757029151732467,-7.742007041946053,0.0856243831304833,7.827631425076536,-0.7319899673875421,2.264078676111593,0.0856243831304833,-4.9615215242054935,3.529150304533719,-9.76377239678204,0.3229490747042,10.08672147148624,-3.153486534769833,6.086093829500088,0.3229490747042,6.23914622238972,3.8877424100473252,0.4649484386704862,9.804119020217655,9.339170581547169,9.1632199942708,7.348727407444712,9.804119020217655
Fall_Forward_Lukas5,fall,forward,lukas,peak_centered_fall,0.13768710699806214,1.6952185217809663,-13.38900813627839,21.58461643958092,34.97362457585931,0.0402662516757845,1.6986927555261813,21.58461643958092,0.2820514202238021,1.8855781199922743,-15.552195055192708,15.762559807115792,31.3147548623085,0.0381236866891384,1.9042298978833954,15.762559807115792,0.14288440504013544,6.899559571247638,-42.29483957011699,117.72533659329412,160.02017616341112,-0.0312356807410717,6.892432459390764,117.72533659329412,1.7777125936319484,7.140318918135545,0.024596284557065,120.148658822743,120.12406253818594,0.3835723624152077,7.3496444668387575,120.148658822743,0.06549177778927735,1.0143254345680286,-1.812855243682861,14.58098316192627,16.39383840560913,0.0037595448084175,1.015174632398953,14.58098316192627,0.055696196496884974,1.2240770536034968,-15.020495414733888,6.351823806762695,21.372319221496582,-0.0031686131842434,1.2238178497249232,6.351823806762695,0.030432027565464006,0.3736006171729106,-1.857511639595032,1.8802602291107176,3.7377718687057495,0.0050070350989699,0.37437341797230816,1.8802602291107176,0.7308800155534828,1.4627423632775507,0.0021405995073454,15.599387405876532,15.597246806369187,0.1929908105554497,1.633543730561246,15.599387405876532,-2.97508210796362,1.7764659080186247,-6.293842369809746,0.8246032960899173,7.118445665899664,-4.098477813129127,3.463968066889392,0.8246032960899173,-5.381835243837953,3.3091334397065566,-9.718876439478992,0.3027404359446838,10.021616875423675,-3.2182612047582864,6.315631961442893,0.3027404359446838,5.376660843792933,3.926074529537924,-0.5229321698771789,9.79689491418302,10.3198270840602,8.082044467964767,6.654630266609282,9.79689491418302
Fall_Forward_Lukas6,fall,forward,lukas,peak_centered_fall,0.19982578599272835,3.9197568312943574,-16.28920000119805,57.730201559042925,74.01940156024098,0.0256973358362913,3.9199628207163864,57.730201559042925,0.10139282124757745,2.2263479042383842,-29.209543162500857,13.432564369410276,42.64210753191114,0.0214329563900828,2.2258806872971615,13.432564369410276,-0.15286288990082855,10.812793697569356,-149.93020138921736,127.8720941619396,277.80229555115693,-0.0265326176166534,10.800384819363908,127.8720941619396,2.5470811189522413,11.43711269193973,0.0096668146173925,156.14578031215393,156.13611349753654,0.2890656826057166,11.70337411160677,156.14578031215393,0.11897715071374156,0.8315068634868632,-5.207456111907959,6.586493968963623,11.793950080871582,0.0007067776750773,0.8389487634857777,6.586493968963623,-0.006587279710989503,3.360526167883415,-40.90211868286133,44.14768981933594,85.04980850219727,-0.0010650197509676,3.3563398342623434,44.14768981933594,0.10848190940387008,0.5527455043150522,-3.0682895183563232,4.973506450653076,8.0417959690094,0.0008380592335015,0.5626135467730485,4.973506450653076,0.8380646323615584,3.40763721224432,0.000426740242152,44.74164525088396,44.74121851064181,0.097204159788022,3.505051513718884,44.74164525088396,-2.7869621580914457,1.7346597467088765,-7.099893379512428,-0.2235857968175783,6.87630758269485,-4.118850739072263,3.2815695415490373,-0.2235857968175783,-4.744071087476382,3.764472430001073,-9.799308405065537,3.014448943218589,12.813757348284126,-2.502403383938968,6.0532737735074,3.014448943218589,5.828295095899445,3.85065146145612,-0.2501342878567986,9.664637484291196,9.914771772147995,8.523408763560653,6.982804884262675,9.664637484291196
Fall_Forward_Lukas7,fall,forward,lukas,peak_centered_fall,0.07782601467679041,2.0246615439381506,-18.237116860491035,26.550256149196624,44.787373009687656,0.0308496040329337,2.023632544854032,26.550256149196624,0.11205292861074058,3.348750107894516,-47.8840612601757,19.31519734339118,67.19925860356688,0.0323351664155721,3.3464485263085577,19.31519734339118,-0.1322880473233258,8.625685356461707,-120.54091774563788,109.71655434541702,230.25747209105492,-0.039424247893691,8.61593905109193,109.71655434541702,1.8991384114036567,9.280963805332554,0.0070124116180162,130.9793441925562,130.9723317809382,0.3013426106780627,9.461934905079195,130.9793441925562,0.13562139204225418,1.2741666044253575,-7.989307880401611,21.00416755676269,28.993475437164303,0.0133181801065802,1.2797832113475918,21.00416755676269,-0.0092005032089137,1.2428967785915361,-17.253246307373047,1.987997770309448,19.241244077682495,-0.0210992097854614,1.2413801598874772,1.987997770309448,0.06685173921165127,0.3892972543707783,-2.5767252445220947,5.618943691253662,8.195668935775757,0.0055749276652932,0.3945168833595071,5.618943691253662,0.5446260845943106,1.7451333783026999,0.0049787279057638,25.58154464264441,25.576565914738644,0.1397499465249928,1.8260649880727446,25.58154464264441,-3.2188540039279836,1.8363539707901453,-5.997195172706246,1.8461127275928848,7.843307900299131,-4.293775636562705,3.7047007353550305,1.8461127275928848,-4.190829161131661,3.7815199894452984,-9.60329015840292,1.11927166740112,10.722561825804041,-1.682355559196323,5.6415673271037665,1.11927166740112,6.440385452006107,3.026975535960175,1.416877699599415,9.77966379339695,8.362786093797535,8.35054810512364,7.114653634351944,9.77966379339695
Fall_Forward_Lukas8,fall,forward,lukas,peak_centered_fall,0.18965747107749895,1.8225531058252304,-16.20149015356302,26.259980240690705,42.46147039425372,0.0252979612551629,1.8301328474134304,26.259980240690705,0.17361350149485164,3.820782024529992,-39.28994814431667,43.94581930944919,83.23576745376586,0.0463365115001797,3.819962303608517,43.94581930944919,-0.05719144358044378,5.827558052546301,-61.300498670649525,85.9871353693962,147.28763404004573,-0.0248451029211282,5.82056821609999,85.9871353693962,1.5937738797991072,7.028769338373645,0.0099840218199023,98.11765405093736,98.10767002911746,0.1468566610031103,7.198646581020983,98.11765405093736,0.13618123039915028,1.1445602011651284,-2.720243692398072,20.30086898803711,23.02111268043518,0.0008765619713813,1.1512152290791713,20.30086898803711,-0.07494041194690466,1.202016493345817,-9.9766845703125,15.46200466156006,25.43868923187256,1.64475059136e-05,1.2028535298388947,15.46200466156006,-0.04109213282667713,0.3126041218709297,-2.2414863109588623,3.692143678665161,5.933629989624023,-0.0005989741766825,0.3149066628124621,3.692143678665161,0.4703851082400399,1.629933224728772,0.0011231940490378,21.35545365570309,21.354330461654055,0.05058548207991,1.6944967760941236,21.35545365570309,-1.8365663203268505,1.3370961241925752,-3.713620417653024,1.875835957944393,5.5894563755974165,-1.0226145432006568,2.2707583480467597,1.875835957944393,-4.3313607255962285,3.5970042207336284,-9.1558181935817,-0.242123086565081,8.913695107016618,-1.6692815580897031,5.627331486982985,-0.242123086565081,6.499868613049297,4.140246131953547,0.0876032637217082,9.764702371108532,9.677099107386823,9.615943888270854,7.703712273511021,9.764702371108532
Fall_Forward_Lukas9,fall,forward,lukas,peak_centered_fall,0.19101441058444035,3.3464990271726,-22.541548915624617,50.7818308663845,73.32337978200911,0.0274915257766842,3.3477775350402847,50.7818308663845,0.049579068151752684,1.6747527965190687,-9.00031491265893,19.632570517659182,28.63288543031811,0.0157763919331133,1.6733978927286728,19.632570517659182,-0.23042306911716873,7.300201859710411,-109.53997262063024,46.682419864058495,156.22239248468873,-0.0339011005580425,7.294733844741261,46.682419864058495,2.103574155504611,7.934291559480242,0.0075555803287705,121.0163573879292,121.00880180760043,0.2954222184771926,8.198842405920656,121.0163573879292,0.12619709409802382,1.1078147165669765,-5.707675457000732,16.86202049255371,22.569695949554443,0.0040103029459714,1.1136061558700068,16.86202049255371,-0.07048128312003643,1.8670265043976026,-33.51736831665039,9.29307460784912,42.81044292449951,-0.0006532040424644,1.8660286282150813,9.29307460784912,0.14258905371507058,0.3433767148385347,-0.8996008634567261,2.326892137527466,3.226493000984192,0.0067974030971527,0.37140971001916573,2.326892137527466,0.6547027342203763,2.1077404350977953,0.0004109501600295,33.52944192235499,33.52903097219496,0.1515934820473454,2.204569500924467,33.52944192235499,-2.6774405716055796,0.8712336755945088,-7.716346530988812,0.0804781062832102,7.796824637272022,-2.7293384546518324,2.8152874176353633,0.0804781062832102,-4.224027510761646,3.848227827356855,-9.748899821820856,3.701586280988157,13.450486102809013,-1.8785175982438027,5.7108962522474735,3.701586280988157,6.429867871949249,3.784537440959663,-0.0979941358247306,9.806234404936433,9.904228540761164,9.226578659981488,7.458566013479663,9.806234404936433
Fall_Forward_Polina1,fall,forward,polina,peak_centered_fall,-0.05045233668583007,4.2321335801426345,-26.72889772912264,62.06911689853668,88.79801462765931,-0.0032056641735136,4.227127921866214,62.06911689853668,0.1760880639818717,1.7084860169818192,-6.849241625386476,24.43886956014633,31.288111185532806,0.0501554304675199,1.7154054553729534,24.43886956014633,0.042383249437834315,2.483143160452204,-9.465276941463353,25.48382635660172,34.949103298065076,-0.050996612265706,2.4803916346335884,25.48382635660172,1.6289617337617361,4.936712793915039,0.0163052702518944,71.40909622530933,71.39279095505744,0.2896088775881852,5.192645665294768,71.40909622530933,0.09599131900107577,0.6598721062984494,-1.5545049905776978,4.015769004821777,5.570273995399475,-0.0024638366885483,0.6659986664678829,4.015769004821777,0.21041424950948895,1.4544841287443409,-6.567961692810059,22.218093872070312,28.78605556488037,0.0076504750177264,1.4678202109933256,22.218093872070312,-0.1188525631883763,0.5930797106679068,-4.72122049331665,0.5591779351234436,5.280398428440094,0.0015597203746438,0.6041422946768814,0.5591779351234436,0.6477385077594962,1.5968292862212308,0.0009833164775909,22.72307355631017,22.72209023983258,0.1511021584460513,1.7213478171929506,22.72307355631017,2.4268095858740697,1.004473795077668,1.3606342727214098,8.928906211483477,7.568271938762067,2.120888284628093,2.6259938366689575,8.928906211483477,-3.1406092328442745,4.664419873658724,-9.592404607251286,2.7362685461759564,12.328673153427243,0.1511270477330777,5.618337010044233,2.7362685461759564,5.967210996756396,4.707096172483622,-2.560890059699118,9.656046766078472,12.21693682577759,9.56296808488667,7.596632855686531,9.656046766078472
Fall_Forward_Polina10,fall,forward,polina,peak_centered_fall,0.025743335438310592,1.2613623118893837,-12.452101380175352,6.547844603407382,18.999945983582734,-0.0141091893732547,1.2600436679256581,6.547844603407382,0.12759260360010033,1.4022885177807414,-11.665790843731164,12.477986347538232,24.143777191269397,0.0262850725963711,1.4063301909549575,12.477986347538232,-0.07029173748156117,2.5044361827253807,-21.105628808033465,10.908644442451,32.014273250484464,-0.045009939071536,2.5022833014501833,10.908644442451,1.2306469076823938,2.8867438402104733,0.0220857475726841,27.499137067442817,27.47705131987013,0.1056879688207011,3.1347880904117553,27.499137067442817,0.17470572946329407,0.8486589895903491,-2.5010030269622803,7.529832363128662,10.030835390090942,0.0071282698772847,0.8654126788120248,7.529832363128662,0.02455591133102437,0.6219729157417233,-4.771018981933594,5.377535343170166,10.14855432510376,0.0033075576648116,0.6216781732163817,5.377535343170166,-0.10562199374420433,0.3405456949256685,-2.335653781890869,0.795593798160553,3.131247580051422,-0.0018712426535785,0.35614143374706836,0.795593798160553,0.43135810776032035,1.038698105213192,0.000712501454773,9.346566175711748,9.345853674256976,0.0425994996061055,1.1235032605799058,9.346566175711748,1.484710974850297,1.8322284500419834,-1.3233935063466429,4.425030903674662,5.748424410021305,2.5644024517342445,2.3564834149711165,4.425030903674662,-4.1450029638954735,4.209453145069146,-9.7858158862859,1.8611480919003485,11.646963978186248,-1.1839902232881634,5.903908500931718,1.8611480919003485,5.905980460349142,4.575269911173167,-0.7806041414961218,9.535609537839887,10.316213679336009,9.288183760023117,7.46734464595485,9.535609537839887
Fall_Forward_Polina11,fall,forward,polina,peak_centered_fall,0.05388300191804991,1.9148792184511811,-11.49457152276039,17.031817526388167,28.526389049148555,-0.014175970999151449,1.9132309918680046,17.031817526388167,0.17007396016816098,1.3040032192174453,-11.967507014662027,6.652179422628879,18.619686437290905,0.0197095723717997,1.3134219141433168,6.652179422628879,-0.008929540805456814,2.2776496699190907,-13.445337341743707,16.070482431471348,29.515819773215057,-0.040740298928320345,2.2748040275096875,16.070482431471348,1.2411617012049039,3.0070751236187223,0.0102561964788366,26.297612780980657,26.287356584501822,0.0783402107671993,3.2496558766076165,26.297612780980657,0.15776201429070166,0.7769501937696394,-2.1127753257751465,6.8838419914245605,8.996617317199707,0.0053745319601148,0.7918483088192357,6.8838419914245605,0.038607743479798166,0.5607466208903746,-2.700626373291016,4.179227352142334,6.87985372543335,0.00399382924661035,0.56137090105719,4.179227352142334,-0.1401431978149012,0.5116628499914395,-5.061036586761475,0.7650054693222046,5.826042056083679,-0.0018147551454603,0.5298879144162867,0.7650054693222046,0.41510521096433983,1.026292512554897,0.0011115189199472,9.415383218768245,9.414271699848298,0.027852447056690148,1.1058671866811527,9.415383218768245,2.3152366406461247,1.3978336698511502,0.3583671556964516,6.261685482570528,5.903318326874077,2.836217113137245,2.703581009765843,6.261685482570528,-3.4447482022098264,4.798549669568333,-9.772245041573049,2.735032866901159,12.507277908474208,-0.03505552786524055,5.902077146078787,2.735032866901159,5.677854947335938,4.673688857560896,-0.9644673285279424,9.396894894632696,10.361362223160638,9.154138569931686,7.350273566831904,9.396894894632696
Fall_Forward_Polina12,fall,forward,polina,peak_centered_fall,-0.01793684466185185,3.1247606640156844,-22.74421434521675,37.79764037907123,60.54185472428799,-0.0158504800826311,3.1208841615506855,37.79764037907123,0.2288968272130429,1.1619066921925645,-3.868461727535725,10.209463907927274,14.077925635463,0.02740771995075045,1.1828055169073408,10.209463907927274,-0.015479301018173571,2.098874619762628,-8.566740540286897,16.344363670015333,24.91110421030223,-0.0363853185892105,2.096293335610123,16.344363670015333,1.4068484268140333,3.686232708324363,0.0114619343775005,39.97704387064304,39.96558193626554,0.15592248059967911,3.9412425184918245,39.97704387064304,0.1394834741856435,0.562421362826531,-1.1745115518569946,4.217337131500244,5.391848683357239,0.00343295489437875,0.5787734104289566,4.217337131500244,0.03589214600479913,1.2437129804536091,-4.763105869293213,15.452129364013672,20.215235233306885,0.0018102838657796001,1.2426679912640992,15.452129364013672,-0.1580892448230464,0.7462180979479103,-8.642427444458008,0.7574523091316223,9.39987975358963,-0.0007501461077481,0.7618625597270522,0.7574523091316223,0.5438531792330641,1.4728581761850343,0.0006711693546556,16.31227807688626,16.3116069075316,0.0591826315072812,1.5683229759988129,16.31227807688626,2.077921366616844,1.9718277714159411,-0.743029247796163,8.781746396014094,9.524775643810257,2.8456048269465564,2.8628819148774656,8.781746396014094,-3.8425216393693975,4.375463575057719,-9.805350023317336,2.0068024712428447,11.81215249456018,-0.7523609936345368,5.819067952074733,2.0068024712428447,5.545800070523655,4.838974731220915,-2.4648764940992,9.3729604768157,11.8378369709149,9.20564926919937,7.356136316960261,9.3729604768157
Fall_Forward_Polina2,fall,forward,polina,peak_centered_fall,0.01033112983799825,1.8884871592314276,-6.837274124217033,8.6060110589236,15.443285183140635,-0.029880759000778148,1.8847943128940925,8.6060110589236,-0.37631374851702487,1.4149644571930249,-9.752083712553976,5.370598812878131,15.122682525432108,-0.02184071520706635,1.461456148112355,5.370598812878131,-0.14691104613895045,1.3611186408762177,-10.876059685188531,4.6641912497103215,15.540250934898854,-0.0410489264860749,1.3663575433178492,4.6641912497103215,1.655857339227386,2.198271655900019,0.0150059740326662,12.612620570974272,12.597614596941606,0.718737068123573,2.7486790665617735,12.612620570974272,0.3575203889141255,1.1075345636551672,-1.306514024734497,4.40211820602417,5.708632230758667,0.00640831002965565,1.1617333494179591,4.40211820602417,-0.522028166772321,1.360125730453551,-8.556123733520508,2.625582456588745,11.181706190109253,-0.18714097142219538,1.454363150425162,2.625582456588745,0.5319486128103985,1.3465390217567281,-1.265803575515747,7.125226974487305,8.391030550003052,0.03227489721029995,1.4453367115317282,7.125226974487305,1.458056284255613,1.8551052557926304,0.0011519881636237,8.854961178089209,8.853809189925585,0.5805206002076271,2.3566490528217865,8.854961178089209,1.342488252204009,5.980219688971252,-6.808108820009231,9.53146703120768,16.33957585121691,1.970663455564901,6.117556940044563,9.53146703120768,-0.6374061836379944,3.6802952815055523,-9.796078921625018,5.25012300619483,15.046201927819848,-0.8155286668177694,3.7279397674918426,5.25012300619483,5.455232518799817,3.8920978689111445,-3.042458939911425,9.614197336864471,12.656656276775896,6.437806604108214,6.696890934128816,9.614197336864471
Fall_Forward_Polina3,fall,forward,polina,peak_centered_fall,-0.004261424618295316,3.1040787178690232,-23.3681844481945,31.16597299859524,54.53415744678974,-0.011726020563766301,3.100179597734471,31.16597299859524,0.1707830819488905,1.1074211454093,-6.139531513541937,10.049106172710657,16.188637686252594,0.017735672774724598,1.1191367626847142,10.049106172710657,0.0005907121490645521,2.5215707845188087,-15.033296269017455,23.29864504802227,38.33194131703972,-0.0446253236681222,2.518401058974547,23.29864504802227,1.497634063637323,3.873074612702429,0.0082712638022506,33.38533229872638,33.37706103492413,0.2326081889568794,4.14800247416098,33.38533229872638,0.1322677594477348,0.5454253661027484,-1.58953058719635,3.6376640796661377,5.227194666862488,0.00442632660269735,0.5605676861948171,3.6376640796661377,0.04431115460100035,1.2801796226357267,-5.0933332443237305,15.286809921264648,20.38014316558838,0.0035559798125176997,1.2793379562400662,15.286809921264648,-0.13689986290585662,0.7039043897984156,-6.6387619972229,1.385983943939209,8.02474594116211,-0.00014115148223929998,0.7162248490003686,1.385983943939209,0.5297794941430405,1.4794434216905266,0.0006855261534995,16.74263068141722,16.74194515526372,0.07893739772755451,1.5696877942469711,16.74263068141722,1.7508980749571599,1.8525943355072234,-0.7198494477387517,8.771081794136762,9.490931241875513,2.3679245516706255,2.5473763874829283,8.771081794136762,-4.067748883811135,4.254502507917886,-9.799462718844412,1.2907105494067073,11.09017326825112,-0.9598544644376263,5.882337392208334,1.2907105494067073,6.029679840556167,4.332376443578323,-0.3645138417579233,9.564144727450609,9.928658569208531,9.389350178341566,7.421547353268132,9.564144727450609
Fall_Forward_Polina4,fall,forward,polina,peak_centered_fall,0.010738713731745559,2.495029527832978,-13.49372990899086,15.889208164954184,29.38293807394504,-0.013945358847360999,2.4919162361898213,15.889208164954184,0.1399866879954941,0.8041147126983749,-4.226946664392948,5.531465666660666,9.758412331053613,0.0232253196995705,0.8152129290525854,5.531465666660666,-0.006695075310146817,2.2708884856586877,-9.352548972427844,13.496702787321803,22.84925175974965,-0.0536737225204706,2.2680436980877148,13.496702787321803,1.3434607756348158,3.199856300080133,0.0053578161742413,21.44375071344357,21.438392897269328,0.21244492755078143,3.466733457350931,21.44375071344357,0.15108320376152481,0.6664944809299559,-3.364553451538086,4.171363830566406,7.535917282104492,0.010784025304019399,0.6825869246821631,4.171363830566406,0.06398367076403175,0.8994412671726594,-3.3400745391845703,9.898645401000977,13.238719940185547,0.016445186920463997,0.9005863942377818,9.898645401000977,-0.13758435220944334,0.6103818012054671,-5.882540225982666,0.8647598624229431,6.747300088405609,0.0005145499017089,0.6249474392946512,0.8647598624229431,0.5126615932155327,1.1866998309776802,0.0015548349978437,12.246948048065674,12.24539321306783,0.14120559084942846,1.2913326701954861,12.246948048065674,2.3399976874343684,1.639991879354286,-0.114025982089946,7.757142651757597,7.871168633847543,2.6434730658397076,2.8562921453389922,7.757142651757597,-3.7034426659668545,4.392544634738651,-9.79776994345188,2.4376237455144523,12.235393688966333,-0.7545278893448413,5.741206966726345,2.4376237455144523,5.745455750932379,4.7006147096665325,-2.697368906678259,9.430548157909511,12.12791706458777,9.253545869623123,7.419603992321597,9.430548157909511
Fall_Forward_Polina5,fall,forward,polina,peak_centered_fall,0.0030714732124014106,2.3678040432361374,-10.888470253950358,19.842650022900106,30.73112027685046,-0.01635199986398215,2.364829538841755,19.842650022900106,0.173703199009938,1.1423682800471378,-9.613518706950543,7.944668379884958,17.558187086835503,0.01513016645144665,1.154079365055633,7.944668379884958,0.0016098402224173477,1.977646601549979,-6.680972970914841,11.807530387717485,18.488503358632325,-0.0416261418521404,1.9751612143718604,11.807530387717485,1.2104776026023183,3.0633154206851487,0.0013284686452204,20.389639068624277,20.388310599979057,0.08551981787389135,3.2902248785432042,20.389639068624277,0.11451362752666856,0.5881804548158234,-2.8333725929260254,3.993541955947876,6.826914548873901,0.00162936979904765,0.5984984390239327,3.993541955947876,0.02619768890210581,0.8568278514723089,-2.896315336227417,11.212468147277832,14.108783483505249,0.0013662457931786,0.8561516676413302,11.212468147277832,-0.16859712653931455,0.7344943868499965,-7.491570472717285,1.0715384483337402,8.563108921051025,-0.00027016154490405004,0.752696162451069,1.0715384483337402,0.42304818383557724,1.2175806699213572,0.0004194430258078,13.994863281990014,13.994443838964207,0.0359420265206284,1.2875354645553188,13.994863281990014,2.031087021945759,2.471722806280566,-1.5461832939483224,7.9688021196663374,9.51498541361466,3.141285809366405,3.1967761629958895,7.9688021196663374,-3.8851252021151206,4.396128863155064,-9.750462248831989,2.067698838493228,11.818161087325217,-0.8166273487746715,5.862728814879436,2.067698838493228,5.790843687825535,4.253352010320015,-0.4993484651939943,9.260098652267455,9.75944711746145,9.025149786446988,7.181881310513409,9.260098652267455
Fall_Forward_Polina6,fall,forward,polina,peak_centered_fall,0.002469647422192729,2.236364622552191,-12.137561968028544,16.651608248978853,28.789170217007396,-0.0155155490398406,2.23356176783076,16.651608248978853,0.15364980193092892,0.8027749805530684,-3.668667469465732,6.294087869003414,9.962755338469147,0.0235587894376367,0.8163582387464603,6.294087869003414,-0.010819678537848192,2.027719030719572,-5.883730121567845,15.540560731500388,21.424290853068232,-0.0449865581959486,2.0252053376469625,15.540560731500388,1.1800127150400768,2.8957350257520402,0.0180808048468879,22.39587519429885,22.37779438945196,0.0836543211756284,3.123570969950618,22.39587519429885,0.13707597828108378,0.644629705613016,-2.671647548675537,4.383177757263184,7.054825305938721,0.0008909171447157,0.6582520861009347,4.383177757263184,0.017817779901066328,0.7807969839589751,-4.1848649978637695,5.737852096557617,9.922717094421387,0.0017501898109912,0.7800214572628835,5.737852096557617,-0.14491808334339812,0.6332505124748942,-6.305070400238037,1.1537754535675049,7.458845853805542,-0.0004599159583449,0.6488470037925105,1.1537754535675049,0.4376197856366788,1.1288997572440198,0.000780379593818,9.585880589997728,9.58510021040391,0.0410398218698529,1.2094344616295927,9.585880589997728,2.2894308424018286,2.379775793011422,-1.1386867811627686,7.642311572962999,8.780998354125767,3.233947434189916,3.300095845659618,7.642311572962999,-3.8150655703024423,4.359007534878909,-9.794307235777378,1.7454050128273666,11.539712248604744,-0.8732310603324324,5.7886138733348504,1.7454050128273666,5.73088235932305,4.356173744849511,-0.9124152158599348,9.225015648448467,10.137430864308403,9.012260201996565,7.195255574937588,9.225015648448467
Fall_Forward_Polina7,fall,forward,polina,peak_centered_fall,-0.04422781179271505,2.0071184816959433,-11.719684931004046,16.68337350655198,28.403058437556027,-0.0151256729394197,2.0050895605982997,16.68337350655198,0.14908184718661693,0.9639385630236366,-3.767651867569983,9.631347209107876,13.398999076677859,0.0175009781028609,0.9742043854586893,9.631347209107876,-0.03562720550958458,1.7671445835716981,-7.112103457266092,11.48312190798521,18.595225365251302,-0.0416261418521404,1.765288279759197,11.48312190798521,1.0637986403096495,2.6403609488407214,0.0125024809106396,18.30888014420243,18.29637766329179,0.092594570211879,2.843536713552757,18.30888014420243,0.12901379507009342,0.6197532580412399,-1.97793710231781,4.921666145324707,6.899603247642517,0.0085987746715545,0.6322784341683227,4.921666145324707,0.0544323009376958,0.87057395298103,-3.564551591873169,12.463513374328612,16.028064966201782,0.0019879760220646,0.8711844734238076,12.463513374328612,-0.1462023784307282,0.6125260550246246,-7.863414287567139,1.055359125137329,8.918773412704468,-0.0031480302568525,0.6289856773564586,1.055359125137329,0.40967084466419446,1.1789889452833096,0.0007315375043503,12.994122962188468,12.993391424684118,0.0679541179763306,1.2467403047020762,12.994122962188468,3.3087427061338044,1.2605164465661924,1.3264245446056129,8.207073700168728,6.880649155563114,3.460982750406861,3.540155052769983,8.207073700168728,-3.249967869064965,4.650510283610282,-9.684041272941233,3.020978052726388,12.705019325667621,-0.1684848362392745,5.668803526681377,3.020978052726388,5.8217918497766314,4.201587480794851,-0.7939335786685348,9.182565330731869,9.976498909400403,8.758919647178054,7.1765140386971655,9.182565330731869
Fall_Forward_Polina8,fall,forward,polina,peak_centered_fall,0.01248715435985902,1.864903546651688,-11.756858185100556,12.509441808509823,24.26629999361038,-0.0269146026715636,1.862606966889872,12.509441808509823,0.14755743946055794,1.5171631147268654,-13.470131591260431,15.696644442659617,29.166776033920048,0.016168606121093,1.5224283998373023,15.696644442659617,0.013352801200878221,2.2267587396116637,-14.392715222978593,12.939198668420314,27.331913891398905,-0.0395481665343046,2.2240066496112796,12.939198668420314,1.234426009128273,3.038524374715677,0.0119859804386375,20.35711712453147,20.345131144092832,0.0919475953341194,3.2761713208031478,20.35711712453147,0.15444346762117567,0.7113365876738572,-1.4732015132904053,6.107425689697266,7.580627202987671,-0.0017198850400745,0.727038070445757,6.107425689697266,0.0019872754638346948,0.5174788742088615,-2.6753597259521484,3.64069938659668,6.316059112548828,0.0055384659208357,0.5168338182685835,3.64069938659668,-0.12883495519119773,0.47558836621885325,-2.9586377143859863,0.8411430716514587,3.799780786037445,0.0002271775156259,0.49215430693208817,0.8411430716514587,0.3995076989523132,0.9383591122171066,0.0012054254063328,7.170028599324162,7.168823173917829,0.0434983779842858,1.0187823189550245,7.170028599324162,2.260479879301267,2.7830291811633994,-1.7145368502244351,7.408185421702266,9.122722271926701,3.627501054079832,3.5826818237502778,7.408185421702266,-3.967012625976898,4.342011125533854,-9.749089206913114,1.855708092803508,11.604797299716623,-0.8851499000545591,5.8773292412828155,1.855708092803508,5.530977984851641,4.271508990466899,-0.743788980122283,9.079996936661004,9.823785916783287,8.677179521602392,6.985111146569352,9.079996936661004
Fall_Forward_Polina9,fall,forward,polina,peak_centered_fall,0.0014821177870852338,1.1685707884939622,-5.239990903759002,11.97522153456211,17.21521243832111,-0.0136862877860665,1.1671064364698576,11.97522153456211,0.19538678743170915,0.8748627712432039,-4.865807462510467,6.982379345244169,11.848186807754637,0.0211018978048115,0.8953449655827717,6.982379345244169,-0.024799540806366826,2.1875335087806396,-8.991710750442742,17.67287203515768,26.664582785600423,-0.041733109357953,2.1849312641434904,17.67287203515768,1.0420452532403643,2.422096094756392,0.0180779776016609,19.306128236086938,19.288050258485278,0.1054901054229572,2.633952290850283,19.306128236086938,0.16177317172459288,0.785820690058168,-1.6129183769226074,7.835517883300781,9.448436260223389,0.00260766223073,0.8013345502876434,7.835517883300781,0.044362988744285826,0.6411190436418445,-5.622470855712891,7.393557548522949,13.01602840423584,0.0034782579168677,0.641850094197692,7.393557548522949,-0.11448829371148353,0.41577190057601804,-3.354564905166626,0.5292651653289795,3.8838300704956055,-3.90005297958e-05,0.4307442325792377,0.5292651653289795,0.40679341822749143,1.0377221348002528,0.0006054460625134,11.283312431454808,11.282706985392295,0.0436189984736605,1.1133953470383116,11.283312431454808,1.8752925408066496,1.8786053855811156,-1.0881049602430313,4.7100963840559125,5.798201344298944,2.872565606847405,2.6527410918392658,4.7100963840559125,-3.840912472023482,4.331172063273322,-9.804743874117731,1.860859484217316,11.665603358335048,-0.8186267789635807,5.784863429062463,1.860859484217316,5.969097009240669,4.482068120732001,-0.7083272791840136,9.350330127334594,10.058657406518607,9.221359464028478,7.461146395661527,9.350330127334594
Fall_Left_Lukas1,fall,left,lukas,peak_centered_fall,0.19107421284041082,5.134662599292777,-55.95951173670292,32.16786222221851,88.12737395892142,0.0510617864564061,5.1318146724326645,32.16786222221851,0.12690192846306722,1.95686411980266,-12.503282116836308,12.592138796418904,25.09542091325521,0.0136044547215104,1.9585381955450296,12.592138796418904,0.19222985513901322,3.1052505673127095,-31.9191411438942,36.68386197532415,68.60300311921836,-0.0116810854434967,3.1073279624349857,36.68386197532415,1.9351792078117847,6.014330145650116,0.0269439631785577,58.691319607682,58.66437564450344,0.1321497079115551,6.310854202224475,58.691319607682,-0.22352438344459916,0.8007727832972814,-5.030813217163086,1.943215608596801,6.974028825759887,0.0031584468670189,0.8304222453517313,1.943215608596801,-0.21378649900402605,1.2158389644015315,-10.297104835510254,7.159161567687988,17.456266403198242,-0.0169084295630455,1.232997408617364,7.159161567687988,0.05438058721679645,0.7303254504312386,-2.3452932834625244,4.545775413513184,6.891068696975708,0.0027226970996707,0.7314385817940957,4.545775413513184,0.6924908781751565,1.5069856847554453,0.0028931097568099,10.865578606988846,10.862685497232036,0.0614726376048719,1.6567697830927217,10.865578606988846,-3.1755540327177094,2.384714264471029,-9.711113404262065,-0.0387953799722017,9.672318024289863,-3.363178209736943,3.9694865961262567,-0.0387953799722017,-6.041558409914419,2.7893536796464837,-9.806465291082858,-0.1609745154080912,9.645490775674768,-4.6167333329647775,6.652933130770951,-0.1609745154080912,3.9896843581792747,4.503892583385025,-6.009457857429981,8.094654943212866,14.104112800642847,7.613932450696826,6.01265694389372,8.094654943212866
Fall_Left_Lukas10,fall,left,lukas,peak_centered_fall,0.01457396876577599,3.750523583867772,-47.97700024063587,6.785027219629288,54.76202746026515,0.0214104522973299,3.7458725527920667,6.785027219629288,0.2285320974841825,1.5812264939300853,-12.32215047366023,16.394959884786605,28.717110358446835,0.0482651414752006,1.595703305563861,16.394959884786605,0.1904878204077942,2.4957803649827714,-32.03482971630096,18.18869389810562,50.22352361440658,0.0583984129548072,2.49993435404716,18.18869389810562,1.5367374733282577,4.529581082572281,0.0178101004301759,48.26786084835641,48.25005074792624,0.222870621970655,4.77781351621153,48.26786084835641,-0.1429838117761038,0.6147130862580676,-5.685749530792236,1.85751473903656,7.543264269828796,-0.0131223881617188,0.6303762560665548,1.85751473903656,-0.0521795009082866,0.9212488838225646,-11.758502006530762,2.06742262840271,13.825924634933472,0.0005981336580589,0.9215778581533687,2.06742262840271,0.11724136632569877,0.5929176689456105,-4.718907833099365,3.250204801559448,7.9691126346588135,0.0040551526471972,0.6036722732055575,3.250204801559448,0.5139700082077878,1.1620251092353668,0.0026856101251399,13.074398946716816,13.071713336591676,0.0664281016583497,1.2692912141381119,13.074398946716816,-6.059421206546708,3.780219334516959,-9.210690185976029,0.1477198331054765,9.358410019081505,-8.769683617776632,7.139398260357779,0.1477198331054765,-5.978868958541396,2.506285545307325,-9.555950315079093,-1.96031296113804,7.595637353941052,-4.196357757122814,6.481718657208658,-1.96031296113804,-0.29363142572086737,1.7630190760376963,-4.954640761217474,2.5045664071917533,7.459207168409227,-1.2724657215334474,1.7851342985946634,2.5045664071917533
Fall_Left_Lukas2,fall,left,lukas,peak_centered_fall,-0.021075060087175797,4.613221066132655,-62.58164439611435,13.51232471934557,76.09396911545991,0.0407172103136777,4.607513529145632,13.51232471934557,0.17849863744836875,1.4639726331461977,-11.81559328266382,7.387431972008943,19.203025254672763,0.0588888268202543,1.4730013429017597,7.387431972008943,0.1684061935609693,2.28659852619395,-17.38019257264137,11.80069498873949,29.18088756138086,0.0442190809547901,2.2899464471489472,11.80069498873949,1.9705059123440951,4.982145596559947,0.0278574417565809,63.77373335087668,63.7458759091201,0.2087081283822086,5.3518939272243164,63.77373335087668,-0.11273045803912615,0.6947578973086006,-3.654757261276245,2.9344215393066406,6.589178800582886,-0.005370192695409,0.7029886058698578,2.9344215393066406,-0.07008384626145077,1.2828065859931683,-6.465924739837647,6.273791313171387,12.739716053009033,-0.0067692482843995,1.2831214907552277,6.273791313171387,0.18540231523480258,0.8170163774887522,-3.090967893600464,4.187774658203125,7.278742551803589,0.0035403906367719,0.8367945696203691,4.187774658203125,0.7989166583664173,1.485953378277199,0.0031792876391785,7.345792895222475,7.342613607583297,0.093280135304516,1.6854728985560412,7.345792895222475,-5.115464528648865,5.255765704262335,-9.70689198717475,2.764593892428279,12.471485879603028,-8.966907148575782,7.329540573105015,2.764593892428279,-5.765642486749532,2.7800725339856163,-9.70390741840601,-0.2876777087062597,9.41622970969975,-3.933999198590219,6.399387685986541,-0.2876777087062597,-0.15529595259612447,1.214752915962507,-5.456403119152784,4.563645885899663,10.020049005052448,0.0947729361553676,1.2231359768112284,4.563645885899663
Fall_Left_Lukas3,fall,left,lukas,peak_centered_fall,0.19661397777990047,2.715691706238925,-36.05622341296672,9.407890335899593,45.46411374886632,0.0362049935862422,2.719420347182886,9.407890335899593,0.26921101956140364,1.5219844012461583,-14.334907177132369,12.6972615511477,27.03216872828007,0.0246669516089372,1.5437404059685684,12.6972615511477,0.05431563881584492,2.0131034449185568,-21.816807238864897,7.683571219590306,29.500378458455202,-0.0151402859866619,2.0113253019734496,7.683571219590306,1.2524875872768821,3.505099641125432,0.0113185399905073,39.334434193214086,39.32311565322358,0.1367818517889664,3.7180385872191906,39.334434193214086,-0.08792520203802416,0.5945131857146361,-3.925973653793335,2.470623731613159,6.396597385406494,0.0019919984042644,0.6002460810786279,2.470623731613159,-0.32199554261620833,1.3875295013045885,-9.41585922241211,4.262799263000488,13.678658485412598,-0.0035059701185673,1.4227150641973934,4.262799263000488,0.1869312186038558,0.7376553011942396,-1.6560560464859009,7.5013251304626465,9.157381176948547,0.0007220322731882,0.7600800470182206,7.5013251304626465,0.6540273129180217,1.5939634319004432,0.001401428212541,9.58174884803334,9.5803474198208,0.044412156260848,1.7210854684238273,9.58174884803334,2.486579264759534,3.0589797150237117,-9.647746555244922,4.473423470921814,14.121170026166736,3.995178182174265,3.9391748225044303,4.473423470921814,-3.535351032122831,4.421560611645977,-9.74892846339345,0.9204504190817476,10.669378882475197,-0.1985859782587736,5.656867644837902,0.9204504190817476,5.386180288355123,4.437488542688761,-6.534130550831556,9.804289700609443,16.338420251441,8.826993066450953,6.975180081366161,9.804289700609443
Fall_Left_Lukas4,fall,left,lukas,peak_centered_fall,0.051248580964116545,3.330622623198619,-48.048419463205335,13.528706529825923,61.57712599303126,0.0002127659678459,3.326861887156631,13.528706529825923,0.18136345694125197,1.523781729475045,-9.499041263899208,12.911719125342367,22.410760389241574,0.0289801568992435,1.532649066632932,12.911719125342367,0.16478317039516377,2.5565808090834894,-19.795462739789485,14.50239491035938,34.29785765014886,0.0706613899394869,2.558702681403806,14.50239491035938,1.641785482463876,4.160732426701784,0.0118152399196892,50.44811606141568,50.43630082149599,0.2035068388073731,4.468107271484112,50.44811606141568,-0.16788762641946978,0.585412942051122,-3.344615936279297,2.7196972370147705,6.064313173294067,-0.0114959552884101,0.6083090773853389,2.7196972370147705,-0.03971463574957046,1.1345195000770034,-11.393746376037598,5.236586570739746,16.630332946777344,-0.0063265664502978,1.1337997780193971,5.236586570739746,0.10260267172384997,0.5123316603726505,-2.8410394191741943,2.855064630508423,5.696104049682617,0.0061483737081289,0.5218778262886362,2.855064630508423,0.5732936597003219,1.2661875048247646,0.0015477244411669,11.434795798116673,11.433248073675506,0.073349983266491,1.388487787428463,11.434795798116673,-5.558653866772596,4.100870557565152,-9.54043944221437,1.0244440236501395,10.564883465864508,-8.472510350972414,6.904624112663497,1.0244440236501395,-4.649144851458945,3.5872149358941248,-9.787453716620805,-0.353501084030047,9.433952632590758,-2.0965299423106014,5.8694606901988235,-0.353501084030047,-3.308431149512846,1.7629573437157686,-7.899315326464175,-0.3221655596436932,7.577149766820482,-4.237248570437729,3.747797299349763,-0.3221655596436932
Fall_Left_Lukas5,fall,left,lukas,peak_centered_fall,0.03282765380318404,4.244713524590687,-65.92715776982307,6.554498800599575,72.48165657042264,0.023245266509056,4.2395446580459,6.554498800599575,0.13585483123389558,3.801900862333929,-60.66518416683674,11.965368833589553,72.63055300042629,0.0341384164452552,3.799586910677726,11.965368833589553,0.19953205788974263,2.011679933765285,-18.57046151087284,14.381509938353298,32.951971449226136,0.0835457136929035,2.0190535622975347,14.381509938353298,1.7496668159058515,5.788731080936784,0.0163233266147537,90.386640497838,90.37031717122325,0.2425316545511961,6.040461645171288,90.386640497838,-0.1180698971260871,0.8443326321597621,-6.355742454528809,6.008169651031494,12.363912105560303,-3.5468256101e-06,0.8515047239161896,6.008169651031494,-0.14157427510593848,1.0371432774117306,-9.97857666015625,6.762456893920898,16.74103355407715,-0.0182170961052179,1.0454793130213809,6.762456893920898,0.14364240910600118,0.9958115833868421,-3.069549083709717,13.018030166625977,16.087579250335693,0.007222943007946,1.004888517113145,13.018030166625977,0.6486924506520187,1.553416892180888,0.002099638113017,14.6779932932664,14.675893655153383,0.1057495963898857,1.6816326057237054,14.6779932932664,-4.0890206273194085,6.0186387087390445,-8.853656616970897,4.792941256003082,13.646597872973977,-8.568587044936418,7.270059656061666,4.792941256003082,-6.003344871387707,2.077360465010292,-9.439538689094782,-3.6981478309720752,5.741390858122706,-4.432720581394434,6.351756802988141,-3.6981478309720752,-1.278973260686141,1.1573129625375302,-6.216238905647397,1.1575664728734645,7.373805378520862,-1.3998096604205668,1.7238926334844507,1.1575664728734645
Fall_Left_Lukas6,fall,left,lukas,peak_centered_fall,0.05912085135403597,2.1576803179384085,-14.226834924948214,7.655330629011988,21.882165553960203,0.0397755455493927,2.1557990846638946,7.655330629011988,0.19757833631502048,1.5311298902042776,-7.869253365677594,11.829467494237422,19.698720859915014,0.0220376442849636,1.5419304973017278,11.829467494237422,0.1421267563255685,1.686172861615705,-14.770617977011202,10.355011027503012,25.125629004514217,0.0462131773814558,1.6900558311396578,10.355011027503012,1.3896485697693128,2.8231295363738163,0.0167696405357785,18.97028350915318,18.953513868617403,0.2791946213953627,3.143454797562071,18.97028350915318,-0.2058507768172211,0.5606863525912396,-3.269028902053833,1.6580259799957275,4.9270548820495605,-0.0150618944317102,0.5966236378496993,1.6580259799957275,-0.030645613475561027,0.7473471483629316,-5.760884761810303,2.2905547618865967,8.0514395236969,0.0086483052000403,0.7470435572872249,2.2905547618865967,0.09433135106036686,0.510963901278737,-3.184901475906372,2.835172176361084,6.020073652267456,0.0074691846966743,0.5189715113936869,2.835172176361084,0.4858479576813791,0.9745179967367931,0.0069017973078128,6.156273378605885,6.149371581298072,0.0962103485960402,1.0878259379899011,6.156273378605885,-6.299559384088395,3.8870532848473958,-9.727321611741184,-0.2479008297163061,9.479420782024878,-9.197160257795453,7.399726543035491,-0.2479008297163061,-4.609326238690202,3.689738397000975,-9.755710086357594,-0.3473135179689154,9.408396568388678,-1.897155224826932,5.90136486465238,-0.3473135179689154,-1.8390033500076721,1.7928778254200937,-6.979398283606767,1.2981883379414676,8.277586621548235,-2.7536934359684584,2.5667738955639434,1.2981883379414676
Fall_Left_Lukas7,fall,left,lukas,peak_centered_fall,0.01970945697462006,2.4118878055408426,-23.56787583041191,6.275612301114201,29.84348813152611,0.0467553214341402,2.4089592169845577,6.275612301114201,0.19170909152776372,1.3442850703998561,-8.698713308018446,13.907783003813028,22.606496311831474,0.0530734185397624,1.356225732178175,13.907783003813028,0.10692972721930705,1.9505024715380745,-16.970618084537982,8.99520268421173,25.965820768749712,0.0659118573248386,1.9510013907961519,8.99520268421173,1.4608721802906288,3.055810592064265,0.0199056011815144,25.15489186774427,25.134986266562755,0.2608077009156509,3.3836133308351886,25.15489186774427,-0.121816880426322,0.6313525446221276,-2.9005942344665527,3.3330318927764893,6.233626127243042,-0.0099533526226878,0.6422237600273517,3.3330318927764893,-0.1666386364462746,1.1456395233606311,-9.551508903503418,4.843167781829834,14.394676685333252,-0.0353555344045162,1.1562808095157522,4.843167781829834,0.18746118695983788,0.7298277536692875,-2.073416233062744,7.211624622344971,9.285040855407715,0.0161428190767765,0.7526366626858164,7.211624622344971,0.6415028513473959,1.3817140217481336,0.0031184353412906,9.71846542142077,9.71534698607948,0.1156085414024172,1.5218076798389855,9.71846542142077,-4.13342221547476,6.510088543915528,-9.382346729320288,5.788648283860087,15.170995013180374,-8.911410886803269,7.704592341659035,5.788648283860087,-5.494348539055683,2.126927942317115,-9.19506182421148,-2.7652307290270923,6.4298310951843884,-4.0330470173195,5.890705135010163,-2.7652307290270923,-0.7181164562077469,1.2639347065218307,-6.70973203240931,3.637179859790206,10.346911892199515,-0.4504332623122259,1.4523216996726789,3.637179859790206
Fall_Left_Lukas8,fall,left,lukas,peak_centered_fall,-0.022427569581428945,3.3686982727693606,-49.6206103279829,9.78014777752161,59.40075810550451,0.0367266793727874,3.3645700286414333,9.78014777752161,0.25377428609492475,1.4865924561259634,-10.514663829320668,13.337130649524926,23.851794478845594,0.0461199461400508,1.5062693663002922,13.337130649524926,0.19149345271306537,1.79155223234378,-24.88581603978872,8.502629010382295,33.388445050171015,0.0631424291441217,1.7995346635978724,8.502629010382295,1.3909552570407795,3.863933129375759,0.0191458106536556,50.06967611037288,50.05053029971923,0.2288523110804025,4.102134064968771,50.06967611037288,-0.10954319567293593,0.5425128583719241,-3.1478216648101807,3.493485689163208,6.641307353973389,-0.0095920599997043,0.5527982883722975,3.493485689163208,-0.13798389374742986,1.0432955960131034,-12.85246753692627,2.8086774349212646,15.661144971847534,0.0004708949709311,1.0510903278444494,2.8086774349212646,0.15817075712255613,0.5815292730402118,-1.0687456130981443,4.638223648071289,5.706969261169434,0.0067687360569834,0.6019559380917442,4.638223648071289,0.4815193967970251,1.2428672551582909,0.0036548987878819,13.371835693213963,13.368180794426081,0.125337221398316,1.33143823601375,13.371835693213963,-4.563945897407979,6.210180219882837,-9.241082986152172,4.776652384503185,14.017735370655357,-9.165183403298258,7.700634071977519,4.776652384503185,-5.338846210714097,2.571853418982135,-9.270300312808155,-3.075954966799914,6.194345346008241,-3.4614114972129464,5.924627754758889,-3.075954966799914,-0.3064009422268003,1.2960382263991261,-7.627610847437381,0.7490914704445749,8.376702317881957,0.0191794441255391,1.3301908908174507,0.7490914704445749
Fall_Left_Lukas9,fall,left,lukas,peak_centered_fall,0.24813400112148326,3.9763230685965616,-63.96792924292088,23.13856554522514,87.10649478814602,0.0512543864190578,3.9791062236041395,23.13856554522514,0.27277855221128416,3.031747955783176,-38.681711032521726,19.557229153209924,58.23894018573165,0.0287057238720357,3.040227355044752,19.557229153209924,0.13187284058964555,2.740427747110582,-26.223686107516286,21.79975556629896,48.02344167381524,-0.0116501057833433,2.74018368777116,21.79975556629896,1.55724807900953,5.4986592371837775,0.0090203537533908,75.39227690472123,75.38325655096784,0.1496640057251047,5.708316332493738,75.39227690472123,-0.09342777687011686,0.6407320689620942,-4.678264141082764,4.395707607269287,9.07397174835205,0.0009807345923036,0.6467167457149191,4.395707607269287,-0.3376305943997716,1.39332760544637,-15.058889389038086,1.0060830116271973,16.064972400665283,-0.0074303383007645,1.4319619174707923,1.0060830116271973,0.21021946612774556,1.3252108538150238,-2.091448307037353,18.96809768676757,21.059545993804925,0.0007740189321339,1.3401479471563422,18.96809768676757,0.6520373265706887,1.9619379018253567,0.0015047375410083,21.88138994645482,21.879885208913812,0.0869022946886607,2.0651280838103196,21.88138994645482,1.6819925441802352,3.2415970358393196,-9.735420747044682,6.0575832981735465,15.793004045218229,0.4294936423970386,3.648403197839002,6.0575832981735465,-4.3430837029291345,2.766550469685199,-9.52277460618615,-0.4258419149564579,9.096932691229693,-2.368409631773829,5.147532492872456,-0.4258419149564579,5.968488726848095,4.559763271004291,-5.274723194444179,9.578852467238905,14.853575661683085,9.50056394342184,7.5074929097431875,9.578852467238905
Fall_Left_Polina1,fall,left,polina,peak_centered_fall,0.30162754682799836,3.494408287874391,-7.2720882675170895,42.22404227883816,49.49613054635525,0.0257461434140801,3.503036500927939,42.22404227883816,0.08854922555508256,1.5241686298210972,-6.480564964860677,15.431557920467853,21.91212288532853,-0.0058306058496236,1.5248307108479184,15.431557920467853,0.3318760491140546,2.6694884694029883,-31.43001322660446,15.332357541525363,46.76237076812982,-0.0367699339926242,2.68671738899919,15.332357541525363,1.6778418271499023,4.364333674309447,0.0292835064629005,50.45565203102797,50.42636852456506,0.2214261668966594,4.670634191619918,50.45565203102797,-0.16761082051996432,0.6340740711096889,-2.8746471405029297,2.3667564392089844,5.241403579711914,0.0031672716140747,0.6550844761403175,2.3667564392089844,-0.14112838888004012,1.7437862248365834,-17.230850219726562,5.166265487670898,22.39711570739746,-0.005520427133888,1.7473083847768427,5.166265487670898,-0.09874824387952685,0.6921802612331133,-3.183096408843994,2.2039506435394287,5.387047052383423,-0.006375947035849,0.6983293950282745,2.2039506435394287,0.7934193801491102,1.829963056392332,0.0024392636208375,17.31133692394043,17.308897660319595,0.1144603401035162,1.992457328615107,17.31133692394043,-0.11011995064837636,4.93163643312783,-4.80495434987992,9.552214051160217,14.357168401040138,-3.958648194417357,4.926683400611169,9.552214051160217,-3.747864457239226,3.016739272562122,-7.979758982488512,2.1107618812806903,10.090520863769203,-1.8725193807423115,4.808783111851699,2.1107618812806903,-5.156432407998883,4.716007809212563,-9.792824303743243,1.724416000812501,11.517240304555745,-8.613868786686659,6.983822997308204,1.724416000812501
Fall_Left_Polina10,fall,left,polina,peak_centered_fall,0.25407363902607505,2.314342522436312,-13.751072685188054,17.784479475730656,31.535552160918712,0.0180482823878526,2.325362490428891,17.784479475730656,0.008844895963302159,1.6379063862830006,-9.583359715530277,9.487824873358012,19.071184588888286,-0.0058978258669376,1.6358764959355978,9.487824873358012,0.28958628827115,2.3006502086370686,-16.6960225602448,9.56080243128538,26.25682499153018,-0.0106646018773317,2.3159417001068463,9.56080243128538,1.5146575852671185,3.3437737801096326,0.0098859784960748,24.29147961930696,24.281593640810883,0.1509875796747042,3.667013577850779,24.29147961930696,-0.21403874979146703,0.7932499749538711,-4.674834728240967,1.727108359336853,6.40194308757782,0.0015972899273037,0.8206589137568545,1.727108359336853,-0.14829727710297047,1.1974992156175848,-8.070127487182617,5.2795844078063965,13.349711894989014,-0.007496366277337,1.2051566113508145,5.2795844078063965,-0.05296912083091835,0.7455354704182517,-5.095313549041748,2.224642515182495,7.319956064224243,0.0042172404937446,0.7464823005055926,2.224642515182495,0.6816043918677169,1.4913446940856403,0.0018380513118805,9.6365314074351,9.63469335612322,0.0491721035661289,1.63802299604715,9.6365314074351,-2.825003421065525,5.5429743940469445,-8.194720414552092,5.852614267814159,14.047334682366252,-7.400432323357462,6.215159333392247,5.852614267814159,-6.109806284700567,2.3394541639441253,-9.063423987522722,2.052509744928777,11.115933732451499,-5.215476640227437,6.54133485727739,2.052509744928777,-2.8980513980077403,2.5239626016209655,-9.77514894632101,0.573548952512443,10.348697898833453,-3.723895143429935,3.8409794632532313,0.573548952512443
Fall_Left_Polina2,fall,left,polina,peak_centered_fall,0.03335030616885003,3.426369414669683,-9.179264535620808,36.15000878112316,45.32927331674397,0.02945741902217265,3.422224730020114,36.15000878112316,0.0005691223814596724,1.1949612323996148,-4.669757359404862,8.131362917885184,12.801120277290046,-0.0326916151704266,1.1934592163632436,8.131362917885184,0.23381925321953773,1.95947044182018,-15.54933674315214,11.972752514100074,27.522089257252212,-0.0176835361621109,1.970925876150822,11.972752514100074,1.5346682736424118,3.8343512395497217,0.0103920347699132,39.36812402741587,39.35773199264595,0.2507675486412698,4.125592783245153,39.36812402741587,-0.15352202370709006,0.7738565356464513,-3.938570022583008,3.372894287109375,7.311464309692383,-0.00365012756083155,0.7879836872618401,3.372894287109375,0.040883963661450876,1.011017879352647,-8.904930114746094,5.000360488891602,13.905290603637695,0.00912026921287175,1.0105743004867143,5.000360488891602,-0.1372940125506624,0.670253366253279,-3.454762458801269,1.8426672220230105,5.29742968082428,0.00207081018015735,0.6833450652528527,1.8426672220230105,0.692404575359556,1.2782097504776235,0.0030706491121017,9.75148203992134,9.748411390809238,0.11907119747905295,1.4522875701459415,9.75148203992134,3.3151200448193148,1.3452848706999243,1.750998156659305,8.639070447960496,6.8880722913011905,2.6856132946938276,3.5770469776571194,8.639070447960496,-3.1921485742370947,4.2781062447851435,-9.016114539337158,5.3648348425239325,14.38094938186109,-0.7953800146171823,5.3334810538728945,5.3648348425239325,-6.1464645502100765,4.146477509931983,-9.584722236055136,-0.060031366185192,9.524690869869943,-9.415927804143728,7.411417072468907,-0.060031366185192
Fall_Left_Polina3,fall,left,polina,peak_centered_fall,0.20092329154686828,2.194792193183075,-17.728034534931183,14.527043029403686,32.25507756433487,0.020818916144967,2.201215381334905,14.527043029403686,0.05132435595298737,1.3318542733946024,-4.175119154261052,9.890793095064163,14.065912249325216,-0.0335530177727341,1.3311656150936142,9.890793095064163,0.20954218294169258,2.5500705110834994,-18.607557608079908,13.498588454937934,32.106146063017846,-0.021302023486793,2.555462294558115,13.498588454937934,1.4724020217346747,3.3177548989131074,0.0223717626194899,24.212326059727708,24.18995429710822,0.2472921682472786,3.625981051900459,24.212326059727708,-0.20712252538674686,0.8975805509339999,-5.472454071044922,3.619133949279785,9.091588020324707,0.0009476151317358,0.9200658882492581,3.619133949279785,-0.14779938379494983,1.0639216074842903,-7.016966819763184,6.309500694274902,13.326467514038086,-0.0035106558352708,1.0728106252747007,6.309500694274902,0.018015466335461812,0.6620511720066099,-4.958813667297363,2.667919158935547,7.62673282623291,0.0090528605505824,0.6614622071955144,2.667919158935547,0.7278757912245297,1.382021708711195,0.0057929232704852,8.352345910880624,8.346552987610139,0.1078010525912565,1.5604410043222243,8.352345910880624,-4.194992563919466,5.748314450410955,-9.113321114113926,3.653680035953224,12.76700115006715,-8.842900245156883,7.110404320030418,3.653680035953224,-4.116979170895715,3.7118535440441685,-9.438794592729211,3.3030756232127545,12.741870215941965,-1.7746205859176811,5.5400965061292355,3.3030756232127545,-2.4112868694174905,3.0213504969363014,-9.80495079486668,1.790648030002415,11.595598824869096,-3.299604732231796,3.862624669964324,1.790648030002415
Fall_Left_Polina4,fall,left,polina,peak_centered_fall,0.21538629634049633,2.495463677999187,-20.897588115143776,15.07680106422305,35.974389179366824,0.0325122765481472,2.5016240443018978,15.07680106422305,0.06061269668973981,1.4550924664779739,-6.728778678184748,8.372042144051195,15.100820822235942,-0.0049839258924126,1.454531362168682,8.372042144051195,0.20017543748453454,2.468578273892114,-16.93921523053646,20.449327630293368,37.38854286082983,0.003439399864152,2.473595767535822,20.449327630293368,1.5968214172091535,3.4601485968848764,0.0149903033660601,29.5141214830068,29.49913117964074,0.2450648161375388,3.8068964214610297,29.5141214830068,-0.16938540980892075,0.848619846835991,-4.845269680023193,4.143171787261963,8.988441467285156,-0.0058448524214327,0.8643160071036262,4.143171787261963,-0.1555915755624731,1.366672224162281,-9.028888702392578,5.810296535491943,14.839185237884521,-0.0081494404003024,1.3737978458632432,5.810296535491943,0.007243986731689227,0.6754067408625778,-6.581779479980469,3.027129411697388,9.608908891677856,0.0031417165882885,0.6745987303928349,3.027129411697388,0.8253565116281714,1.5537965096073543,0.0109664309457007,9.245171149211656,9.234204718265955,0.0857209107208637,1.7576820328152836,9.245171149211656,-3.1705257822627346,5.817501704341812,-7.956001674804091,5.22824552090764,13.18424719571173,-7.491409648355841,6.61896815598151,5.22824552090764,-5.40132391440093,2.0988939425710686,-8.602016436329484,0.1711491966103203,8.773165632939804,-4.503057561685145,5.79384283688345,0.1711491966103203,-3.4416709795762466,2.638823118398975,-9.709904612994194,0.8941958877541124,10.604100500748306,-4.378630094766616,4.334862683290157,0.8941958877541124
Fall_Left_Polina5,fall,left,polina,peak_centered_fall,0.4296338756930621,3.29941156269329,-9.091503250059484,33.10306918866634,42.19457243872582,0.1470627848356962,3.3181656832183863,33.10306918866634,-0.3967410329763001,1.9522978858165978,-6.267690275943279,6.937790261933207,13.205480537876486,-0.2349075108967721,1.9868808885663352,6.937790261933207,-0.359715529523087,2.088057162831313,-7.432479905003309,13.045721937596795,20.478201842600104,-0.16121990500390526,2.1130915387733182,13.045721937596795,2.7758657824921036,3.4326528916812205,0.151874972408238,34.23628244248043,34.08440747007219,1.656559787656132,4.407161787122601,34.23628244248043,-0.2309802903742012,1.1503054881585464,-5.252907752990723,2.614552497863769,7.867460250854492,-0.0530731528997421,1.170129687012741,2.614552497863769,0.6250640155851013,1.8314970546628053,-3.228726863861084,9.300493240356444,12.529220104217528,0.30060237646102905,1.9304017800073294,9.300493240356444,-0.40805588794561726,1.3786723106032386,-6.055337429046631,2.27372407913208,8.329061508178711,-0.1109390370547771,1.4341155099301228,2.27372407913208,1.7985366774703684,1.98481578703367,0.0671220877235628,11.19680500754188,11.129682919818316,1.1246877630796401,2.6743862496853623,11.19680500754188,-1.1456873278704993,6.863781495038146,-8.758696359816193,9.78637585825622,18.545072218072413,-4.089108804020285,6.939911046205921,9.78637585825622,-3.1368013752891204,2.749891158255028,-7.36143945261836,1.8202314134918152,9.181670866110176,-4.201237345857918,4.166462970797914,1.8202314134918152,-4.732675038219085,2.880362908875081,-9.143463738921284,0.9168436267614364,10.06030736568272,-5.114121421338617,5.536118847206016,0.9168436267614364
Fall_Left_Polina6,fall,left,polina,peak_centered_fall,0.12889726955102462,1.8464545321159471,-8.809109619235992,15.44831148687005,24.257421106106044,0.0006985036581754,1.848638417133373,15.44831148687005,0.044585893802812096,1.2615013602923604,-6.513598050412536,7.158072012236714,13.67167006264925,-0.0371598100930452,1.2607081932994604,7.158072012236714,0.17352800224407725,2.304537435701835,-24.381100092744827,10.331506233274936,34.71260632601977,-0.0125181207895278,2.308179856913668,10.331506233274936,1.3945065051443375,2.9001681232523797,0.0166832961168561,27.63140191202928,27.614718615912423,0.3179320372171448,3.2147384649168234,27.63140191202928,-0.19596664802367358,0.915469053138779,-5.177870750427246,2.7270255088806152,7.904896259307861,0.0028474652208387,0.9350861213139748,2.7270255088806152,-0.1501446632046327,0.9614814654673629,-5.240832328796387,3.624856472015381,8.865688800811768,-0.0032065864652395,0.9719429610491681,3.624856472015381,-0.021391178892673304,0.555246042705034,-2.713641166687012,2.94760799407959,5.661249160766602,0.0027413479983806,0.5549622269680956,2.94760799407959,0.7416673992189422,1.257351962100096,0.0018825162894121,5.476477946684088,5.474595430394675,0.1528119232031113,1.4584382904903541,5.476477946684088,-3.632800569145417,5.8521192848367924,-8.617032219153643,4.516414179125428,13.133446398279071,-8.365940904566646,6.881766289750843,4.516414179125428,-4.668745601576628,3.1747272607478827,-9.332262555724382,1.8411121428266168,11.173374698551,-2.7502260521188377,5.643652920623906,1.8411121428266168,-2.635148032351111,3.1689156356639816,-9.800521287986635,2.0910243306316434,11.891545618618279,-3.861542157405615,4.11835688990529,2.0910243306316434
Fall_Left_Polina7,fall,left,polina,peak_centered_fall,0.20842100959103319,1.9992427242797013,-8.145615899643301,14.220718487894532,22.366334387537833,0.0275929403245449,2.007571380950427,14.220718487894532,0.019650702263368174,1.710489379678409,-7.461074715846776,13.772343436753747,21.23341815260052,-0.0072030632466077,1.7084467684098548,13.772343436753747,0.20558063258136944,3.3629424674506496,-29.23316719919443,11.777415819960831,41.01058301915526,-0.0036639293350279,3.364990093219306,11.777415819960831,1.6031525465004137,3.9675994573390034,0.0129542505074901,32.80790646117053,32.79495221066304,0.1872321059612625,4.274610103572647,32.80790646117053,-0.19684623836736742,0.9457630733418743,-5.125503063201904,4.20108699798584,9.326590061187744,0.0015234225429594,0.9648643246452229,4.20108699798584,-0.20073554517293082,1.1840416699363372,-7.89052677154541,7.2977776527404785,15.188304424285889,-0.0042004608549177,1.1994657407618143,7.2977776527404785,-0.03243893111225509,0.8681614275450799,-5.294579982757568,2.9063920974731445,8.200972080230713,0.0011991914361715,0.8676739301849381,2.9063920974731445,0.7848976441966837,1.5851827805422103,0.0012959930108553,8.451612788151344,8.45031679514049,0.0956507025002558,1.7670708184328512,8.451612788151344,-2.9205992485064143,5.903376806970551,-8.240079897713661,4.753645310664177,12.993725208377839,-7.817798488250374,6.5796637207774005,4.753645310664177,-6.176962156640689,2.2084053400075443,-8.822744761356711,2.7483257714554665,11.571070532812177,-5.719519802576303,6.5589351924833785,2.7483257714554665,-0.8710895906111611,3.0204248793272908,-9.801954535660148,2.671039118157327,12.472993653817475,-1.1643069601096212,3.1398700231328904,2.671039118157327
Fall_Left_Polina8,fall,left,polina,peak_centered_fall,0.19827367967648205,2.251565174225407,-12.582236995607614,20.68165871483088,33.2638957104385,0.0038385552495718,2.2574659593073965,20.68165871483088,0.1157495512062553,1.5773013493906374,-6.506085190564393,13.65342947255969,20.159514663124085,-0.0320610256493091,1.579570263808891,13.65342947255969,0.2348657575020142,2.603609848468577,-27.372383848953245,13.798738107204436,41.17112195615768,-0.0060997781798243,2.6109302428246663,13.798738107204436,1.5141606021215572,3.485098285121387,0.025437810471546,36.18843352858161,36.16299571811007,0.2940747221839259,3.795807095814726,36.18843352858161,-0.19401834069291377,0.9862125882980372,-8.716794967651367,2.1246883869171143,10.841483354568481,-0.0041196155361831,1.0039027610226086,2.1246883869171143,-0.21245760859555116,1.2254329427522934,-6.803816795349121,7.348777770996094,14.152594566345215,-7.44424760341e-05,1.2421998667002923,7.348777770996094,0.05076962061819241,0.6565116213058279,-4.093676090240479,3.3360795974731445,7.429755687713624,0.0031348243355751,0.6576510046877039,3.3360795974731445,0.785595100882135,1.5401856175241593,0.0041413784256963,10.690585735705614,10.686444357279917,0.1317909024463669,1.727248131099231,10.690585735705614,-3.152386368434974,7.211935071782466,-9.179415926790236,6.486288018682599,15.665703945472835,-8.949756107288598,7.862518132699627,6.486288018682599,-3.9783037075960124,2.707196178838748,-8.220245316430926,1.6409933289773762,9.861238645408303,-2.4469993304945525,4.810139638536346,1.6409933289773762,-2.1687458185956707,2.5547313961826723,-9.770624162372949,1.1885215831074862,10.959145745480434,-2.660790988126397,3.348694283931928,1.1885215831074862
Fall_Left_Polina9,fall,left,polina,peak_centered_fall,0.19442931904635471,2.583771354605479,-13.871681762862204,28.95774048477411,42.829422247636316,0.0057528644382953,2.587837633852529,28.95774048477411,0.02862124237624799,1.482333837398862,-11.168110202151537,12.092267366796731,23.260377568948268,-0.016793460021167952,1.4807470724457878,12.092267366796731,0.25563374764480673,3.4155275570301775,-38.6552275147438,11.996142742037772,50.651370256781576,-0.0020544483117758998,3.4207990263827313,11.996142742037772,1.6403249121757535,4.236249005553033,0.006834195563722,49.78955993248211,49.782725736918394,0.16647071287112541,4.537772745592409,49.78955993248211,-0.1649083856238174,0.9791087565669919,-7.066242694854736,2.886237382888794,9.95248007774353,0.0008156793192028501,0.9916854615001813,2.886237382888794,-0.14549428853030835,1.1611829795418918,-4.994546413421631,6.321356773376465,11.315903186798096,-0.00432834867388005,1.1688142265449146,6.321356773376465,-0.003711409299943279,0.7510026930783984,-4.708561420440674,2.832414150238037,7.540975570678711,0.00433677365072065,0.7500678112457273,2.832414150238037,0.7279862580425525,1.5453818283377356,0.0028010502763598,9.723533755504018,9.720732705227658,0.06808499743184204,1.7065076830156876,9.723533755504018,-2.5495518379250184,5.937964522463106,-7.862319767022132,5.866071715280413,13.728391482302545,-7.465647430589795,6.455311435558398,5.866071715280413,-5.5226173207864875,2.393345512089674,-8.958737870645523,1.6450532718926667,10.60379114253819,-4.578154449854046,6.0177248685986315,1.6450532718926667,-3.2561586443651462,2.775448261624986,-9.798360310560463,0.4989816046429797,10.297341915203443,-4.275325641506165,4.276251584603224,0.4989816046429797
Fall_Right_Lukas1,fall,right,lukas,peak_centered_fall,-0.04228520618037267,3.2274600455656106,-32.252695053112504,50.47662626881599,82.7293213219285,-0.003420329837501,3.2237106072478867,50.47662626881599,0.10446963788345826,1.2319259352518313,-7.693562452250719,7.557907781136035,15.251470233386755,0.0225242587581276,1.2348160887420276,7.557907781136035,-0.1044735740452996,5.432887121324815,-83.60253857293128,50.96256971085072,134.565108283782,-0.0171048640578985,5.427114386222863,50.96256971085072,1.5633866057591403,6.246902425899952,0.003147189498678,89.69237651947121,89.68922932997253,0.1701455871246532,6.432002131020002,89.69237651947121,0.1092721703099412,1.00258301854391,-8.735567092895508,11.288622856140137,20.024189949035645,0.0021575903519988,1.0072767500379207,11.288622856140137,0.11761225400648737,1.6712019357972097,-17.97909164428711,24.35262107849121,42.33171272277832,0.0060380031354725,1.673255412339446,24.35262107849121,-0.09855259418315686,0.5586674448822443,-8.875251770019531,0.8086040019989014,9.683855772018433,0.0025833754334598,0.5666070951949183,0.8086040019989014,0.5250014885005436,1.96709346025967,0.0009388803996485,28.27106742523138,28.27012854483173,0.0683310358866336,2.0335765848414535,28.27106742523138,4.217737797120205,2.6674334662920547,-0.6371059172742068,7.821349458730221,8.458455376004427,2.4775182412683963,4.988664127621626,7.821349458730221,-0.07662958375348984,4.413122012582298,-6.202618961095809,5.620205441865324,11.822824402961134,3.1434371421813965,4.408282011797633,5.620205441865324,6.088360361262325,3.8496090493075585,-0.0864228217654861,9.532376547268033,9.61879936903352,8.894597699168324,7.200740613808697,9.532376547268033
Fall_Right_Lukas10,fall,right,lukas,peak_centered_fall,0.06200409845522469,1.6296765949855476,-4.08052948398441,18.26721623067856,22.34774571466297,-0.01932137106359,1.6288238872267606,18.26721623067856,0.10308028128083115,1.4950969065601487,-11.978614099609851,15.68354530711174,27.662159406721592,0.0207059572897851,1.4967852061575846,15.68354530711174,-0.05731002918764426,4.830856567054355,-73.06772393598555,33.166889626669885,106.23461356265544,-0.0166892689943313,4.825169651585304,33.166889626669885,1.4716708467516255,5.106359270077834,0.0079507331989909,74.75315076800356,74.74520003480457,0.1553009250302142,5.30807831286922,74.75315076800356,0.17752081847606235,1.0322322026649198,-3.905268430709839,13.02797508239746,16.9332435131073,0.0058983657509088,1.0461165545478743,13.02797508239746,-0.03472983621135168,1.2920014299757283,-8.171746253967285,17.553630828857422,25.725377082824707,-0.001399609260261,1.2908567287854895,17.553630828857422,-0.09349324886032155,0.4196425669385557,-4.898301601409912,0.637736976146698,5.53603857755661,-0.0017654045950621,0.42942021347259285,0.637736976146698,0.5460999720307503,1.6289458551275864,0.0013074739023309,17.8627995840353,17.86149211013297,0.0599273649365414,1.7161214000439302,17.8627995840353,3.2712562997449166,3.1833191562592478,-1.1475652302756905,6.55717532633245,7.70474055660814,5.721402547582984,4.561728620124754,6.55717532633245,-2.838063916698286,5.164169212101457,-9.69553180424869,4.507209128406644,14.202740932655335,0.8265192127138375,5.886997970164231,4.507209128406644,5.6397557192078684,2.9865821231421217,1.159866931835562,9.555368715798854,8.395501783963292,7.6932392116457216,6.379990107954463,9.555368715798854
Fall_Right_Lukas2,fall,right,lukas,peak_centered_fall,-0.07639486029496523,1.4950865909336786,-8.477914840364456,13.475091844016312,21.953006684380767,-0.0007148702710866,1.4951741754619938,13.475091844016312,0.1336264585707838,2.233261017227014,-21.07613383347988,18.39873482490182,39.474868658381695,0.0097340795615687,2.2344738213785407,18.39873482490182,-0.03544339481686239,3.025956604095317,-16.995820330333707,32.55718887206316,49.553009202396865,-0.03345803296566,3.02238906422567,32.55718887206316,1.5635550963769476,3.7354178568150735,0.0084058526144004,38.897860145274144,38.88945429265974,0.199217171091016,4.045152003194119,38.897860145274144,0.1820806910346571,0.9263061217711361,-2.0199434757232666,11.883097648620604,13.90304112434387,0.0112116960808634,0.9428980067301664,11.883097648620604,0.18923237125163994,1.2021218219464833,-5.540872573852539,7.846696853637695,13.387569427490234,0.0059406319633126,1.2154431423454524,7.846696853637695,-0.08942969517545435,0.4184371269731128,-1.861605763435364,3.046536445617676,4.9081422090530396,-0.0046203578822314,0.4273764934069765,3.046536445617676,0.6414469857408515,1.4638644072312694,0.0031219374815438,14.114130602121042,14.111008664639499,0.0913390909799592,1.5965617277409452,14.114130602121042,-3.1976676607486616,3.9919173127209855,-7.377669871929288,2.883034393891692,10.26070426582098,-6.424426313531399,5.110845638299452,2.883034393891692,-3.5049116470388144,4.7017732302856325,-9.727370127058029,2.912223078975081,12.63959320603311,-0.003492166664428,5.8596884137254195,2.912223078975081,5.165106567281843,3.0096440708803347,0.5758017729405314,9.585448212242126,9.009646439301594,6.893787454077601,5.976093612238351,9.585448212242126
Fall_Right_Lukas3,fall,right,lukas,peak_centered_fall,0.0275974522395366,1.9100157459815037,-15.6973821092844,13.477509426552055,29.174891535836455,-0.0022627573002129,1.9078323073669854,13.477509426552055,0.06747096615388451,2.272569797172405,-25.67074710457325,7.562293448874354,33.2330405534476,0.0058515755724161,2.270737012222124,7.562293448874354,0.0007290580458567764,2.510628013009403,-15.579113457256554,22.84240934650898,38.421522803765534,-0.0307499430507421,2.507495706032726,22.84240934650898,1.2992611557828702,3.6645620026404795,0.0058245153003456,35.31780724665882,35.311982731358476,0.1591554545728204,3.8837617598767893,35.31780724665882,0.18504801949940766,1.025961991796553,-1.6411237716674805,11.695167541503906,13.336291313171387,0.0044312314130365,1.0412568585329944,11.695167541503906,0.10844466846393877,1.5168232273779216,-8.696812629699707,11.085163116455078,19.781975746154785,0.0054938904941082,1.5188072331005102,11.085163116455078,-0.0922889058031676,0.36095244060243914,-2.1282458305358887,2.201866865158081,4.33011269569397,7.8527489677e-05,0.37212766910196426,2.201866865158081,0.6651276853273541,1.759202407238994,0.0022398691492507,14.579565164664702,14.57732529551545,0.0573317563414544,1.8786884411396394,14.579565164664702,0.8874073648511557,0.8749157218346167,-0.9184409789554774,5.854667108690738,6.773108087646215,0.6623960605490953,1.245415765922537,5.854667108690738,-3.5452656481022435,4.908643311483945,-9.798625683498384,1.8149479201309384,11.613573603629323,0.3350634004658088,6.050090986416579,1.8149479201309384,6.202909699897995,4.425887964720831,-0.0493319715556921,9.783293089810012,9.832625061365704,9.75608885654211,7.616805362708082,9.783293089810012
Fall_Right_Lukas4,fall,right,lukas,peak_centered_fall,-0.0218434900233983,1.2661932997670828,-6.743535517811774,14.60340847620368,21.346943994015454,-0.010346914230287,1.264802155298006,14.60340847620368,0.1120651845297328,1.7566356131490106,-14.2601725464046,21.961775681769847,36.22194822817445,0.0275813960172235,1.7580193682758334,21.961775681769847,-0.006207036488921226,3.6740300859648096,-27.91318817746639,46.08814347307682,74.00133165054321,-0.038805969864875,3.669451391204655,46.08814347307682,1.4277150626862327,4.019595993751206,0.0057910383497838,48.37867014545839,48.37287910710861,0.1557015338148581,4.26089545796341,48.37867014545839,0.1894203073714112,1.1175286114664704,-3.522149085998535,12.25839138031006,15.780540466308596,0.008537158370018,1.1320935742115321,12.25839138031006,0.05778862009950776,1.0174046974712705,-7.598839282989502,10.326119422912598,17.9249587059021,0.0008342791115865,1.0177772426087226,10.326119422912598,-0.08861616164407554,0.3444145714784832,-2.6872246265411377,2.9009928703308105,5.588217496871948,-0.0035871705040335,0.3552160007566012,2.9009928703308105,0.553623661595144,1.4637378825872147,0.0026962869607007,14.817079229446634,14.814382942485933,0.1201009517068689,1.5632289606889869,14.817079229446634,-0.6206082057191302,1.013220130357483,-2.115478534539044,3.453360877226293,5.568839411765337,-1.2654200408056375,1.187101276357348,3.453360877226293,-2.4043446155469317,5.525077977139464,-9.696377022901176,4.884922789607942,14.581299812509119,1.7545929662808777,6.019238638058975,4.884922789607942,6.823749144794101,3.4635683997781386,1.4658965820513663,9.594114333778618,8.128217751727252,9.504480824604627,7.650486420862932,9.594114333778618
Fall_Right_Lukas5,fall,right,lukas,peak_centered_fall,-0.027341341185794604,3.165115942957703,-28.168198711323736,31.418881591737268,59.587080303061,0.0026940613895654,3.1612851880327133,31.418881591737268,0.075652634563428,1.885895692849343,-20.73111628096104,15.534239711785316,36.26535599274636,0.0126797410920262,1.8850614187198294,15.534239711785316,-0.08353845836961009,4.522879785215148,-78.35096010723113,21.15784064130783,99.50880074853896,-0.0105687402874231,4.518009147354697,21.15784064130783,1.5754778890935646,5.617486120201054,0.0092157722081591,83.59018618296895,83.58097041076078,0.2069691712893146,5.827485499596009,83.59018618296895,0.1532920238205134,0.8220870706517551,-3.186862707138061,9.90586280822754,13.092725515365602,0.0121467327699065,0.8352486107780566,9.90586280822754,-0.03352245556781687,1.3562333783210945,-10.836008071899414,12.120072364807127,22.956080436706543,0.0023860104847699,1.354956005354417,12.120072364807127,-0.14349237382075195,0.8789057564334715,-12.287755966186523,1.6660696268081665,13.95382559299469,-0.0013606044230982,0.8894599584275021,1.6660696268081665,0.6566170452283733,1.7031655643370736,0.0013709577252243,19.052093934626544,19.05072297690132,0.1163509717940907,1.8233718863409423,19.052093934626544,4.624222236161405,2.130980250497059,1.411241447278112,7.66461459018588,6.253373142907768,6.1515352550685405,5.090499360210241,7.66461459018588,-1.460932271817566,6.1283268006757154,-9.610427170675992,6.697223848491907,16.3076510191679,3.011400953824818,6.292619140497619,6.697223848491907,4.898788013109795,2.584313773679405,0.2899236244695261,9.089896983906629,8.799973359437102,6.728316321370005,5.537160519766122,9.089896983906629
Fall_Right_Lukas6,fall,right,lukas,peak_centered_fall,-0.010284628741345196,2.652241773661798,-25.64987733502388,31.23376818544865,56.88364552047253,0.0040219489924609,2.648952639961142,31.23376818544865,0.15167681623881962,1.9162645621308736,-23.53832941793204,12.882058146572112,36.42038756450415,9.84919384121e-05,1.919874591525829,12.882058146572112,0.03006949543408175,3.354139234143601,-38.155529103600976,28.83386159164905,66.98939069525002,-0.0279120892763137,3.350089355567661,28.83386159164905,1.3080872084884028,4.501712148607837,0.0136459165537785,46.92117881525251,46.90753289869873,0.1616799238969766,4.6825171891015325,46.92117881525251,0.19035366654716562,1.009928630594242,-7.018837928771973,11.249960899353027,18.268798828125,0.008585444651544,1.026473003294096,11.249960899353027,0.0857046021376748,1.3645753542349313,-3.2336981296539307,24.03256607055664,27.26626420021057,-0.009362407028675,1.36556494549294,24.03256607055664,-0.1128320480195197,0.6380861360608976,-10.054424285888672,0.187853991985321,10.242278277873993,-0.0006607470568269,0.6472013918919588,0.187853991985321,0.5268280545239437,1.7513953380684368,0.0021152677215223,28.376351067276254,28.374235799554732,0.1057976470152565,1.8268234968156136,28.376351067276254,2.018048082344237,2.214247308260153,-1.153326204955205,6.58388096242845,7.737207167383655,0.5395522460928186,2.993857468816484,6.58388096242845,-1.351396891592192,5.479080244812322,-8.7680475410074,4.902709206189215,13.670756747196615,2.5064813009023665,5.63664175249583,4.902709206189215,6.153129728371562,4.197428230520842,-0.1199593359279911,9.594050036370753,9.714009372298744,9.338676514419912,7.445500187065317,9.594050036370753
Fall_Right_Lukas7,fall,right,lukas,peak_centered_fall,0.04812231378832558,4.358584509563461,-52.72653519337177,47.21260927505493,99.93914446842669,-0.0112982236057519,4.3534124515774675,47.21260927505493,0.0855571994635799,1.5394786138390986,-17.711932125914096,9.951881477755308,27.663813603669404,0.0252281108893454,1.5399364358206586,9.951881477755308,-0.03526161679961438,3.497263997019947,-49.566829637956616,31.45665339624881,81.02348303420543,-0.025259528940916,3.4930785791369257,31.45665339624881,1.4635944390670976,5.609059743982906,0.0049045413088174,72.93559548825992,72.9306909469511,0.1842876847560643,5.790095177105727,72.93559548825992,0.09541304721662477,0.9874831039756533,-12.82517433166504,7.679073333740234,20.504247665405273,0.002357521560043,0.9908555910599002,7.679073333740234,0.03144278863001908,1.2511739314729966,-11.693479537963867,16.112003326416016,27.805482864379883,-0.0027019623667001,1.2500084098976223,16.112003326416016,-0.1897210952436245,0.9134217074329674,-12.704222679138184,2.9477999210357666,15.65202260017395,-0.0016365402843803,0.9318007636652972,2.9477999210357666,0.554036531754489,1.7644761380726093,0.0004731184589994,19.07204256791025,19.07156944945125,0.0566840272845359,1.8473138580968522,19.07204256791025,2.6955685566642855,1.4934020860744528,0.4389601570636033,7.408280114248394,6.969319957184791,3.3679517077490684,3.080710618378886,7.408280114248394,-2.3279457283393667,5.2480307221397,-9.442736608353256,4.512713863302767,13.955450471656022,1.4991767742320894,5.735196153194051,4.512713863302767,6.766849461269888,2.831408359536002,2.574115744236112,9.352311656540632,6.77819591230452,9.030420712587237,7.333971143057466,9.352311656540632
Fall_Right_Lukas8,fall,right,lukas,peak_centered_fall,0.07734117923280354,3.1569852122554303,-36.16673312143087,37.534114530324935,73.70084765175581,-0.0198038938835263,3.1539947740860623,37.534114530324935,0.09545056297106021,1.8345214999393822,-20.676009895288946,12.25035014281869,32.92636003810763,0.0225176828868687,1.8347172132524265,12.25035014281869,-0.11440705667639688,5.130724924262843,-84.80701840734481,37.198033148455615,122.00505155580043,-0.0126917237907648,5.125600500845747,37.198033148455615,1.4869802749043741,6.121109114775861,0.012882520046157,92.25263778166968,92.23975526162351,0.2063867912561697,6.2917128654951435,92.25263778166968,0.17541354149333235,1.0853501904550875,-6.247286319732666,13.343132972717283,19.59041929244995,7.32250045984e-05,1.09809713956311,13.343132972717283,0.02804543563624045,1.5737606158362438,-19.50027847290039,15.724359512329102,35.22463798522949,0.0017302859341725,1.5720472820944666,15.724359512329102,-0.14066320445279398,0.7031125066215843,-8.371012687683105,0.8085578680038452,9.17957055568695,-0.0005441687535494,0.7161846815954342,0.8085578680038452,0.5636149611068929,1.9703019262216583,0.0019960787073895,22.06317574641335,22.06117966770596,0.0888663533582667,2.046966165623955,22.06317574641335,2.0715637341956876,2.0309440361111406,-0.8837732048738748,6.12249737663269,7.0062705815065645,3.4620679152950644,2.8992798871017778,6.12249737663269,-2.722082336933357,5.328702765235639,-9.79221347836852,3.6674379276707767,13.459651406039297,1.195261266626045,5.977791795723115,3.6674379276707767,5.98462448605723,4.031795390231136,0.039053231757367,9.650758596542476,9.61170536478511,9.010463381707668,7.213221694594184,9.650758596542476
Fall_Right_Lukas9,fall,right,lukas,peak_centered_fall,0.03602729820294719,3.721839349756722,-23.15054122970104,49.87736507515907,73.02790630486011,-0.0387280092578381,3.7173703408325665,49.87736507515907,0.06572609196819755,1.960705583258512,-11.22651212223768,19.38424691421985,30.61075903645753,0.0127241647556424,1.9593619764600503,19.38424691421985,-0.21263033908909174,6.629831523050187,-117.43835972633362,32.720904101014135,150.15926382734776,-0.0460392821192741,6.6249728340314515,32.720904101014135,1.7777297124449953,7.65074201866467,0.0117553375011307,120.22375168356116,120.21199634606003,0.167356842725769,7.845266512831403,120.22375168356116,0.126692584477437,0.6878531034212898,-2.297072172164917,4.426209926605225,6.723282098770142,0.0187786854803562,0.6985792710069306,4.426209926605225,0.08729582896544377,2.4052857048482377,-33.73025131225586,23.254425048828125,56.984676361083984,-0.0033920928835868,2.4038703072278054,23.254425048828125,-0.1795707580115544,0.5186799924172993,-3.722090244293213,0.0896629095077514,3.8117531538009644,-0.0003963781055063,0.5482733775848189,0.0896629095077514,0.6410473232714667,2.4842822195638723,0.0026672646658573,33.79235566649046,33.7896884018246,0.0785524707374571,2.562656658317759,33.79235566649046,1.401784837053571,2.7686945752645964,-1.825191666247696,6.751254713886976,8.576446380134671,-0.777866971617192,3.1002506345976433,6.751254713886976,-1.7670982190250761,5.029316874118519,-8.670650996616482,6.173410986790061,14.844061983406544,1.5482655070498583,5.324808631196703,6.173410986790061,6.768061504942912,3.5255616873230413,1.4763251832157374,9.676830026388169,8.200504843172432,9.593974048525094,7.629236218256846,9.676830026388169
Fall_Right_Polina1,fall,right,polina,peak_centered_fall,-0.12511002007306624,2.166208461296838,-6.497737633457779,19.7912565202713,26.288994153729078,-0.04913695587366815,2.167099793890682,19.7912565202713,-0.15599904397126457,3.093825006664483,-34.6838922727108,7.330422967585921,42.014315240296725,-0.0116134270347654,3.0938712388361207,7.330422967585921,0.07095534409774705,3.158864502275447,-24.99302203053236,9.54096258930564,34.533984619837995,-0.08623232242837539,3.1556913957380743,9.54096258930564,2.2224742736951226,4.397265037545474,0.0459087007734086,39.59738735480179,39.55147865402838,0.6056161517080285,4.922067547719525,39.59738735480179,-0.14045796407873382,0.8986973436595618,-5.105202674865723,3.042771339416504,8.147974014282227,-0.00794418621808285,0.9084910932097691,3.042771339416504,0.12179304101801566,1.2154739383333748,-5.178498268127441,5.789303779602051,10.967802047729492,0.0023950955364853,1.2200403425132715,5.789303779602051,0.09374839332406339,0.8719501105863058,-7.61850118637085,4.616369724273682,12.234870910644531,-0.008873143233358801,0.8758855305598698,4.616369724273682,0.9791695347721824,1.4586304275268842,0.0042404899903962,8.629066128789612,8.624825638799216,0.27374339528620134,1.7552862918753531,8.629066128789612,5.378268589923273,3.899223495836013,-2.7319021676599977,8.543788703766465,11.275690871426463,8.2134683696419,6.640144277938447,8.543788703766465,-5.590169202961976,2.8596932397890886,-9.806262461987137,2.9813810786142945,12.787643540601431,-4.760562396576255,6.277522584039354,2.9813810786142945,-2.4745289333677314,2.5621837956293874,-9.713475457218289,1.2916659504354,11.005141407653689,-2.1051897802367803,3.5597169561595683,1.2916659504354
Fall_Right_Polina10,fall,right,polina,peak_centered_fall,0.21463027264828236,2.6477021266126846,-27.447307864773272,11.167573611056804,38.614881475830074,0.07466068870872256,2.6497813254021665,11.167573611056804,-0.548178960624814,1.6700710449960257,-9.480335394385456,3.988859792807698,13.469195187193154,-0.20343319909423585,1.7537650303644294,3.988859792807698,-0.2987740800984986,2.5933638831295367,-8.870504875919222,9.729127784380315,18.599632660299537,-0.04508241978585715,2.604068835516413,9.729127784380315,2.5831755282565028,3.2026075344321794,0.1502278382680067,28.883768593963985,28.73354075569598,1.5066270327253957,4.10830954947251,28.883768593963985,-0.3289338340167888,1.7002393354048346,-7.765483379364014,2.7564468383789062,10.52193021774292,-0.0960733778774738,1.7275871022413223,2.7564468383789062,-0.6399067852564622,2.516959541587298,-12.018770217895508,2.986454725265503,15.00522494316101,-0.20821245014667505,2.5909246614162025,2.986454725265503,-0.24823942770133725,1.0656350331931725,-4.159864902496338,2.4183852672576904,6.578250169754028,-0.11198700219392771,1.0915690300270793,2.4183852672576904,2.0010556216440465,2.630464571645025,0.0905687101380451,14.146686885935898,14.056118175797852,1.2383230220198551,3.299844048478578,14.146686885935898,2.5713241181059816,6.39994127410911,-8.193793947356939,9.607027591365576,17.800821538722516,6.482916496422886,6.88230773729558,9.607027591365576,-2.931730270278055,5.244146176275617,-8.56707371776402,5.5695303166389465,14.136604034402966,-6.159354988908767,5.996549520367533,5.5695303166389465,-2.5750340414592148,2.4992101022742363,-8.661911225321889,3.4920699625879523,12.153981187909842,-2.5102073356881736,3.584078848784835,3.4920699625879523
Fall_Right_Polina2,fall,right,polina,peak_centered_fall,-0.09645965505327309,1.77469469380322,-12.531840687322616,9.495947389537095,22.02778807685971,-0.0049044309154152,1.7750921480751352,9.495947389537095,0.12067943088993953,1.9216170905854966,-14.951917962491512,8.357619650945066,23.30953761343658,0.0112462011575698,1.9229979460714264,8.357619650945066,0.03506819226869887,2.9916983511822917,-30.795769566893576,14.419140288567542,45.214909855461116,-0.007983984491229,2.988152786538445,14.419140288567542,1.539475311764122,3.666283456259221,0.0148711569300643,33.400121992368035,33.38525083543797,0.1691547838968386,3.9721442962775653,33.400121992368035,-0.16113086568511426,0.8191803755471341,-6.610908508300781,1.7467129230499268,8.357621431350708,0.0019873199053108,0.8338691730266743,1.7467129230499268,0.1787848731113089,1.2966285423814545,-4.870021820068359,7.282767295837402,12.152789115905762,0.0009422362782061,1.3072857222922734,7.282767295837402,-0.02430608141922243,0.48971228532300404,-1.8282452821731567,3.175646543502808,5.003891825675964,-0.0032801139168441,0.48970180729136786,3.175646543502808,0.7315775434904352,1.4540408348174199,0.0028451394876924,8.182453433753992,8.179608294266298,0.078577856849611,1.6260816761460208,8.182453433753992,3.3582136581036552,5.807607507716057,-4.517354382584989,9.007059710744024,13.524414093329012,7.937934103193879,6.702340773529277,9.007059710744024,-5.470455163820244,2.447344241707198,-9.067093615946174,-1.0116991814326497,8.055394434513524,-3.825160930469632,5.991691103022129,-1.0116991814326497,-2.9333925361645705,2.6001550188901272,-9.730620653286577,0.7962696204006672,10.526890273687243,-4.150611612731218,3.917735764091201,0.7962696204006672
Fall_Right_Polina3,fall,right,polina,peak_centered_fall,-0.04307631557289053,2.3698858796995004,-16.28230381194353,11.92223813239336,28.204541944336892,-0.006976853275299,2.367306182950485,11.92223813239336,-0.02681108205031537,2.0980209409248376,-11.175609617996216,8.070759103840588,19.246368721836802,-0.0210778593420982,2.095561713117861,8.070759103840588,0.14246657520144476,2.133841130306755,-16.732465161979196,9.3523303612411,26.084795523220293,0.1043324811339378,2.13592204216455,9.3523303612411,2.065567821758097,3.2120035899026615,0.0368037618705445,21.35401629452086,21.317212532650316,0.7145071626288743,3.815452846979693,21.35401629452086,-0.17010588459798923,0.9474880084392946,-4.378909587860107,4.010348796844482,8.38925838470459,-0.0093303751200437,0.961467409431544,4.010348796844482,0.15889106476901188,1.6793226067599836,-7.650742530822754,12.083192825317385,19.733935356140137,-0.0123248556628823,1.684726330013913,12.083192825317385,-0.11708259490379284,1.334089329684922,-11.00965404510498,4.768276691436768,15.777930736541748,-0.0225469954311847,1.3375507602203427,4.768276691436768,1.2196329983749938,2.0185320111039964,0.0066338417180081,12.373851339337664,12.367217497619656,0.4078573275447798,2.35621824596262,12.373851339337664,1.2919401267042254,5.155284930510924,-9.438470767602324,7.887191757950187,17.32566252555251,4.237511897549033,5.308433203557516,7.887191757950187,-5.237427097176061,2.220394429287348,-9.798113642323017,-0.6659028996262699,9.132210742696747,-4.252548723161221,5.687568702936014,-0.6659028996262699,-4.875676508175791,3.449650831171575,-9.753768304640056,1.1594533825986086,10.913221687238664,-6.016017946597933,5.97013295331559,1.1594533825986086
Fall_Right_Polina4,fall,right,polina,peak_centered_fall,-0.15027263826587348,2.1274240268670046,-9.938777666032314,17.713185340845584,27.6519630068779,-0.057421676877141,2.130063770278029,17.713185340845584,-0.09067008073584812,1.8202681683309552,-11.777165644592046,7.238261985760927,19.015427630352974,-0.0254658651679754,1.8202453315873226,7.238261985760927,0.1596380747318774,2.5097290599296715,-24.23819618115425,9.065151834228637,33.30334801538289,0.0048164603710174,2.5116603977219425,9.065151834228637,1.769197136160094,3.3251398231159786,0.0233676865369131,26.34878734075625,26.325419654219335,0.4675423310522166,3.762831737681243,26.34878734075625,-0.12365293670398998,0.8171841412561675,-5.432268142700195,3.850584506988525,9.28285264968872,0.0067537017166614,0.8254733857169027,3.850584506988525,0.08582467646197997,1.4873264969380107,-9.26015567779541,10.60470962524414,19.86486530303955,0.0023646401241421,1.4879387664771246,10.60470962524414,0.07757764704756552,0.8540700532097439,-4.510481834411621,9.08936882019043,13.59985065460205,-0.0059066070243716,0.8565195780440815,9.08936882019043,0.8689572022831483,1.6973886190194094,0.0051951454490166,11.336640124969788,11.331444979520771,0.1903406645683485,1.9049918296111417,11.336640124969788,2.6662286700114604,4.055674392177469,-3.765292444962263,7.085001515328884,10.850293960291147,5.45406035541892,4.849334572750425,7.085001515328884,-6.736747295720018,1.9007688288879516,-9.751495683532951,-0.8542820297125726,8.897213653820378,-6.19217472397089,6.999116467423164,-0.8542820297125726,-4.2705700523625545,2.3329342531835358,-9.75892378770709,0.3485701669665053,10.107493954673595,-5.1696086230218405,4.864844318664917,0.3485701669665053
Fall_Right_Polina5,fall,right,polina,peak_centered_fall,-0.1751115447471158,2.1597920360982847,-7.251954995548725,9.072285339370367,16.324240334919093,-0.1288453198933973,2.1620901195398843,9.072285339370367,-0.21033359824589332,1.813881374623309,-11.31984039427638,7.167228547638654,18.487068941915034,-0.1779690874919295,1.8220271417712341,7.167228547638654,-0.16649569956202642,2.127925174762301,-8.408148645699024,7.222837622135877,15.630986267834901,0.0110673374593257,2.1297092833494347,7.222837622135877,2.897181182989253,2.038353642767355,0.1997899301319197,13.280239372164068,13.08044944203215,2.46251135001201,3.539785053071416,13.280239372164068,0.2976919624768197,0.8764191919197093,-2.0069730281829834,3.160170078277588,5.167143106460571,0.1657303571701049,0.9237517413243465,3.160170078277588,-0.8213009568386608,1.9755611365977166,-7.480479717254639,6.086198329925537,13.566678047180176,-0.5843492150306702,2.1354229329489027,6.086198329925537,0.28033518691029813,1.5809607056830728,-3.583513021469116,5.457594394683838,9.041107416152954,-0.0250453576445579,1.6021597804661127,5.457594394683838,2.1908575338164202,1.7873460378699844,0.1178314132727575,8.48152569561021,8.363694282337454,1.5478600418408406,2.8249361664128054,8.48152569561021,-1.3856092437214897,4.4322923347193415,-8.283954695275426,7.599275564312935,15.88323025958836,-0.9657255118954926,4.634416494934251,7.599275564312935,-0.40767302257051213,2.2657405466057066,-6.239258546707034,4.014389370861649,10.253647917568683,-0.4011991296743973,2.297163817788332,4.014389370861649,-3.3444620288105495,7.64788457724334,-9.785551682391764,9.519633970072864,19.30518565246463,-7.433348504531383,8.331603002895097,9.519633970072864
Fall_Right_Polina6,fall,right,polina,peak_centered_fall,-0.12319737935464155,2.212913034485956,-21.45182475668192,12.050059041142465,33.501883797824384,-0.0439089190270751,2.2135691878444734,12.050059041142465,-0.06418302945718168,1.4751931087741605,-8.862328583726287,10.99486375926733,19.857192342993617,-0.0113899935424327,1.4747406712264521,10.99486375926733,0.2185173493597775,3.218895699270671,-38.0589123114109,11.69839781282544,49.75731012423634,0.002420486878883,3.222277332972298,11.69839781282544,1.6145552752384178,3.8585418513927214,0.0159650399099463,44.24919526732452,44.23323022741457,0.2033415478418889,4.178255593825126,44.24919526732452,-0.17787982395705404,0.8770907333594303,-4.903761863708496,4.38721227645874,9.290974140167236,-0.0041278232820332,0.893868752014743,4.38721227645874,0.07279471247772076,1.0041727209555598,-6.541053771972656,4.992083549499512,11.533137321472168,-0.0064092250540852,1.0055519372360815,4.992083549499512,0.15155651495105735,0.8898967175937998,-1.285251498222351,6.7154035568237305,8.000655055046082,-0.0030424881260842,0.9016101113605687,6.7154035568237305,0.7170977978132015,1.4539965945999596,0.0052451992858263,8.702427443775553,8.697182244489728,0.0889932606662294,1.6195792160975786,8.702427443775553,3.3955620814458403,3.756200613690308,-3.892327756291628,7.605857865312695,11.498185621604323,6.387613709440827,5.0599924791534185,7.605857865312695,-7.157840379699543,2.5419459858595577,-9.752893859893083,2.5226190734937783,12.275512933386862,-6.619169717952609,7.594733312452435,2.5226190734937783,-2.6733128388869707,2.3988980740682564,-9.804582546076178,0.2783180336813442,10.082900579757522,-2.9374577657356857,3.5898315653118513,0.2783180336813442
Fall_Right_Polina7,fall,right,polina,peak_centered_fall,-0.1402269800618029,2.6221297546839897,-21.16944223177433,23.33623915787935,44.50568138965368,-0.0520502129718661,2.6225933854169265,23.33623915787935,-0.0405569614035453,1.5357383939310347,-13.448286839199064,7.352801388132572,20.801088227331636,-0.0002063362270593,1.5343488107840026,7.352801388132572,0.3454371555493916,3.0032566118509796,-23.271069643354416,16.87754115691185,40.14861080026627,-0.0010062544330954,3.019316431892524,16.87754115691185,1.663420403189716,3.9523001127063235,0.0153722243509478,32.30714557189487,32.29177334754392,0.1995197434105657,4.2835142178219865,32.30714557189487,-0.15309196123024704,1.0860100855831303,-6.611433029174805,7.794186115264893,14.405619144439697,-0.0024063060991466,1.0953990688238362,7.794186115264893,0.21277245872754388,1.8456825651816133,-11.25588321685791,14.706607818603516,25.962491035461426,-0.0028485872317105,1.8556073253838836,14.706607818603516,0.10146814134709518,1.174786967324726,-2.068589925765991,11.770233154296877,13.838823080062868,-0.0022285589948296,1.1776931874906402,11.770233154296877,0.8947181674512601,2.289706980203408,0.0024118503038613,17.26947748515481,17.267065634850947,0.0741437615052384,2.45563411563293,17.26947748515481,-0.20729602481496967,4.87844470241315,-6.663118165272474,8.069760155931114,14.732878321203588,3.67791372897774,4.876735299530204,8.069760155931114,-7.627476839579505,1.8797542672642789,-9.06189780086875,0.1208485672521404,9.18274636812089,-8.666270589575172,7.855127192718281,0.1208485672521404,-1.8251869077254017,2.715140137520567,-9.69309025631547,1.8052854810334744,11.498375737348944,-2.577561208514869,3.2687638426786383,1.8052854810334744
Fall_Right_Polina8,fall,right,polina,peak_centered_fall,-0.10063947275050245,1.3900453101269987,-9.523160390633343,7.837235594648122,17.360395985281464,-0.0203349320203065,1.3919452561405117,7.837235594648122,0.04500430485368789,1.5622154281288272,-9.672157942923905,7.678703321292996,17.350861264216903,-0.0045358898639678,1.5609054575051031,7.678703321292996,0.10725664724729989,1.9199449359396918,-19.10773532717228,8.427563540264964,27.53529886743724,-0.01694112486355,1.9205348155154771,8.427563540264964,1.227798465034428,2.5634687347659426,0.0125115307283175,20.911497914656465,20.898986383928147,0.131342654528779,2.839435053134401,20.911497914656465,-0.2307982850390344,0.7573792182492202,-4.305153846740723,1.182442545890808,5.487596392631531,-0.009480039589107,0.7908561666202907,1.182442545890808,0.14847848681910408,1.1207942686485006,-7.112673759460449,5.34915828704834,12.461832046508789,-0.0113816801458597,1.129193222349977,5.34915828704834,0.05012573940588401,0.5709911980232458,-1.886365532875061,4.240025520324707,6.126391053199768,-0.0077216150239109,0.572473945083993,4.240025520324707,0.6725822591774483,1.334298455418657,0.0032266604730045,8.172335685427134,8.16910902495413,0.0593045764245545,1.492734814855772,8.172335685427134,3.949127334700212,4.983866003192846,-2.9774308796837925,8.713100729811192,11.690531609494984,7.846945087757706,6.353918012555752,8.713100729811192,-6.387173282085476,2.415158404450312,-9.550305587190389,-0.2651038021201267,9.285201785070262,-5.40378095151186,6.827470514848081,-0.2651038021201267,-1.9942906999928751,2.284654933541116,-9.793960614296791,0.7950918818581849,10.589052496154977,-2.293959370945394,3.0304721969448933,0.7950918818581849
Fall_Right_Polina9,fall,right,polina,peak_centered_fall,-0.1282837077092412,2.3329664164184063,-16.953620187985894,21.86717665914297,38.82079684712886,-0.0490326187163591,2.3335698139795866,21.86717665914297,-0.12848078909794097,1.184248247125698,-6.077338384479284,3.941372942228615,10.0187113267079,-0.0066676411956548,1.1897211131050498,3.941372942228615,0.3227923549914733,2.1602306381830085,-13.574598512429,10.607475384008884,24.182073896437885,-0.001527355697751,2.1815351439374684,10.607475384008884,1.6700623124270997,2.975426058909619,0.0213413692092666,22.53961150121329,22.518270132004023,0.3771956541114439,3.4088238423126107,22.53961150121329,-0.18249581942631207,0.7455147485708111,-3.793579578399658,2.478241443634033,6.271821022033691,-0.0042395344935357,0.7666185501514546,2.478241443634033,0.07396599516519964,1.4640693018245645,-8.025500297546387,7.390349864959717,15.415850162506104,-0.0014169288333505,1.4641030398302297,7.390349864959717,0.12608487854588002,1.1680323034497053,-1.5890432596206665,10.331663131713867,11.920706391334534,-0.0215853750705719,1.1733616499626005,10.331663131713867,0.9596660725350336,1.7874921380143554,0.0052627770515045,11.685261592713656,11.679998815662152,0.1552201468098248,2.026839725848937,11.685261592713656,4.044236790414891,3.965357201700851,-6.583776917532086,8.1694538713485,14.753230788880586,7.177628945621848,5.660432871081364,8.1694538713485,-6.387729030395295,2.631763904142063,-9.777298817831277,1.6156985825926065,11.392997400423884,-5.23925089904666,6.907380441430486,1.6156985825926065,-2.8706767466730194,2.8631703263124493,-9.723406484124064,1.2957023663446303,11.019108850468694,-4.059074023501575,4.0519111017221086,1.2957023663446303
NFA_BendingDown_Lukas1,non_fall,bending_down,lukas,middle_cut_non_fall,0.028689216669545468,0.5356355097361364,-2.2272452573269605,3.507510400564968,5.734755657891929,0.0301660056829452,0.5359068747669281,3.507510400564968,0.02905040065154625,0.3879468640553163,-2.687612359556556,2.3804461065262554,5.068058466082812,0.0414934553831815,0.3886739883131421,2.3804461065262554,0.043155854971270835,0.4658414814669592,-3.928340149915218,2.7925696945905685,6.720909844505787,0.0473351488824002,0.4674057133779933,2.7925696945905685,0.5117651777748415,0.6289372247302185,0.0217664968676811,4.331226346526081,4.3094598496584,0.2779015852556183,0.8103898743889212,4.331226346526081,-0.005512342509767816,0.23194958358068343,-0.9717068076133728,0.9162149429321288,1.8879217505455017,0.0045865289866924,0.2317998698047187,0.9162149429321288,-0.013153489069159594,0.3371329170459438,-0.8051166534423828,2.6564323902130127,3.4615490436553955,-0.0283274222165346,0.33707676964732575,2.6564323902130127,0.007775973795147713,0.23693474037499912,-1.1965402364730835,0.7848445177078247,1.9813847541809082,0.0043675545603036,0.23684253144095602,0.7848445177078247,0.29790473825227926,0.3673546650589285,0.007808327511815,2.8777633112081524,2.8699549836963376,0.1312788758941314,0.47270108205579675,2.8777633112081524,-2.7548455991261145,1.3122778902980023,-3.65391939766705,0.7428909353040158,4.396810332971066,-3.4150340691804884,3.0509101257286804,0.7428909353040158,-9.123404406260825,0.23798633441994355,-9.565421323257684,-8.332963348594307,1.2324579746633777,-9.170855603715776,9.126502088791133,-8.332963348594307,-0.9348668685733293,1.6432669042210108,-5.169646616944671,0.4210355010554194,5.59068211800009,-0.0721947552529163,1.8892570759382497,0.4210355010554194
NFA_BendingDown_Lukas10,non_fall,bending_down,lukas,middle_cut_non_fall,0.06954718907552639,1.0204594442804988,-4.331675743629038,4.783784720601141,9.115460464230178,0.032937808483839,1.021671659319647,4.783784720601141,0.0209251983949589,0.5532518177614953,-2.78693490357399,2.241735554972291,5.028670458546281,0.0434486811041831,0.5530202181232379,2.241735554972291,0.05086078680816385,0.6875651530109747,-3.881360956597328,3.6531802697375415,7.53454122633487,0.0265215117007493,0.6886658647260165,3.6531802697375415,0.8467280625460446,1.053314963771992,0.0192357065654115,5.553689466746955,5.534453760181544,0.3768733110500937,1.3505202754304972,5.553689466746955,0.0003377399891731136,0.3391188729216844,-1.706423044204712,1.063010334968567,2.769433379173279,-0.0084886327385902,0.33873433456646773,1.063010334968567,-0.019037952889211045,0.7488860330227858,-3.3562204837799072,2.7843828201293945,6.140603303909302,0.0114563563838601,0.7482786981413917,2.7843828201293945,0.014740439556864287,0.5426462806944454,-2.985913276672364,2.269319534301758,5.255232810974122,0.0009301325771957,0.5422310812313003,2.269319534301758,0.5386578074075598,0.824661368135737,0.0082218027114178,3.500087825610505,3.4918660228990874,0.1058749321793447,0.9842136480254825,3.500087825610505,1.3911763852802426,2.0140810590794973,0.0589150618066312,6.13780951205492,6.0788944502482885,0.3260175223641097,2.445954984000509,6.13780951205492,-9.277246478021523,1.117054495163184,-9.806210439538956,-6.065054072445631,3.7411563670933257,-9.767436764508483,9.344104208339262,-6.065054072445631,-0.14382000221486238,1.6915127102606633,-4.831320963279903,1.2860351049415766,6.117356068221479,0.5776130601461976,1.695703814223721,1.2860351049415766
NFA_BendingDown_Lukas2,non_fall,bending_down,lukas,middle_cut_non_fall,0.024601161560880797,0.5176113643386615,-2.1988870317183435,1.8353294677719472,4.034216499490291,0.0224932790979743,0.5176195846963069,1.8353294677719472,0.025213127796786652,0.3875939336914029,-2.0510183373272417,1.8823422710984945,3.933360608425736,0.049539983716607,0.3879821817734083,1.8823422710984945,0.03417108572882549,0.44029337492769827,-1.2537749034583567,1.6127648672282695,2.866539770686626,0.0363110843092203,0.4411282846562959,1.6127648672282695,0.6438664097131044,0.44601959236125666,0.0615021825166894,2.507786487536734,2.4462843050200447,0.5183590316831326,0.7829778868899411,2.507786487536734,-0.005901367244111552,0.2953787634857324,-1.1251152753829956,1.056632399559021,2.1817476749420166,-0.0203783363103866,0.2951086620688331,1.056632399559021,-0.03077071876019314,0.3456666036735837,-0.8343914151191711,1.5126057863235474,2.3469972014427185,-0.053709577769041,0.34664985727624464,1.5126057863235474,0.0017173470118246922,0.22126937762285243,-0.7242608070373535,0.676466703414917,1.4007275104522705,-0.0068339416757225,0.221029509640518,0.676466703414917,0.3844635685292187,0.3294522561468385,0.0097958433611628,1.6778537711768846,1.6680579278157217,0.2565037130030752,0.5060724158750656,1.6778537711768846,-1.098945158847661,1.4412506387744357,-3.0124647836640475,0.9971934670224786,4.009658250686526,-1.9049875258877875,1.8111481379826573,0.9971934670224786,-9.19905635437563,0.6568719060083884,-9.772364284038543,-7.615451038566231,2.156913245472312,-9.52160088623166,9.22242687855888,-7.615451038566231,-1.7237475821878896,2.208286249399206,-6.153018187102675,0.3858350814018398,6.538853268504515,-0.8860860849261283,2.7994594160099755,0.3858350814018398
NFA_BendingDown_Lukas3,non_fall,bending_down,lukas,middle_cut_non_fall,0.0206392977781354,0.7643507400204627,-5.004133983182907,2.816369672372937,7.820503655555844,0.0137955203142017,0.763964644886736,2.816369672372937,0.01269530411440909,0.48596911792243436,-2.323272851452231,1.7820763087511062,4.105349160203337,0.0458311923265457,0.48571229227925855,1.7820763087511062,0.0421470185206134,0.8579385788124789,-6.217318517577648,4.367988289242983,10.58530680682063,0.0451063851833343,0.8582277519768214,4.367988289242983,0.7766120573854441,0.977060516132743,0.0235417885853519,6.542940304098747,6.519398515513395,0.3308427628628039,1.2474426975902648,6.542940304098747,-0.02207852920011172,0.34768912553174725,-1.3896986246109009,1.1911089420318604,2.5808075666427612,-0.0061484477482736,0.34808756073392233,1.1911089420318604,-0.03245122716417941,0.4816550552437982,-3.0009560585021973,2.1511213779449463,5.1520774364471436,-0.0123687712475657,0.48232894454685776,2.1511213779449463,0.02152513600642914,0.23908387087651123,-0.6799022555351257,1.7953368425369265,2.475239098072052,0.0079218540340662,0.23984373702343875,1.7953368425369265,0.4236948903535305,0.48188969234687884,0.0085365423803661,3.022518076622197,3.0139815342418306,0.2271912295308694,0.6413510574363672,3.022518076622197,-1.8428567907882945,1.130707071018825,-4.188267097386718,-0.4097861580926925,3.7784809392940257,-1.5535840717241167,2.1615726118241607,-0.4097861580926925,-9.416005501334702,0.38753081576420195,-9.776935245215892,-8.581608439072966,1.1953268061429263,-9.558776478415728,9.423962996080363,-8.581608439072966,-1.0257180918616635,1.2797118911635357,-4.66585421448648,0.4464304564116522,5.1122846708981315,-0.3541135533725842,1.6391802889309104,0.4464304564116522
NFA_BendingDown_Lukas4,non_fall,bending_down,lukas,middle_cut_non_fall,0.0174514490537049,0.5859855653371175,-3.558981936866045,2.869485468749702,6.428467405615747,-0.0060193550459982,0.5856872718966645,2.869485468749702,0.014483850090543413,0.34421182101526376,-3.621843174448609,1.4883113890856503,5.110154563534259,0.0379085826337337,0.3441887273916261,1.4883113890856503,0.016023136558525886,0.4316872602648257,-2.3111364234566687,2.0524492469131945,4.363585670369863,0.0158995799213647,0.43157348364833853,2.0524492469131945,0.5675985752510221,0.5711430042204565,0.017503137096447,5.288331058027756,5.27082792093131,0.3599759489439328,0.8048298778708375,5.288331058027756,-0.00993954831434946,0.32991211914408,-1.3789454698562622,1.2034029960632324,2.5823484659194946,0.000468083191663,0.32974760480022003,1.2034029960632324,0.005805413894621389,0.3536746966819599,-1.4800145626068115,1.890998363494873,3.3710129261016846,0.0014102056156843,0.35338539196449703,1.890998363494873,0.012567223616920057,0.24664071713808444,-0.780163586139679,1.941152572631836,2.721316158771515,-0.0001683032605797,0.24672597889757858,1.941152572631836,0.3519775006308778,0.4134317826007097,0.0041050714889603,2.6074683917493013,2.6033633202603412,0.1523981502347627,0.5426678788986424,2.6074683917493013,-2.3877262264815267,1.0573373438196805,-4.418239051577449,0.0535835280529456,4.471822579630395,-2.7745708043023942,2.6109518071657614,0.0535835280529456,-9.033313650591174,0.6341135437055005,-9.44636824285388,-7.252025722697377,2.1943425201565034,-9.301371158376336,9.055500515793247,-7.252025722697377,-1.7929189446491793,2.035821423830991,-6.60139382276535,-0.0235928401209996,6.577800982644351,-1.006146661872044,2.711315694439961,-0.0235928401209996
NFA_BendingDown_Lukas5,non_fall,bending_down,lukas,middle_cut_non_fall,0.026171196969573266,0.5444229296825729,-2.8828543611496684,4.162530014061928,7.045384375211596,0.0025162206046283,0.5446382355022069,4.162530014061928,0.03004141102233463,0.3257400523417185,-1.8117495624810456,1.992419433364272,3.8041689958453175,0.04042582615166895,0.3268758355593259,1.992419433364272,0.029155911743863814,0.4770967980870915,-5.168206939530372,3.308598478287458,8.47680541781783,0.01771568943262095,0.4776248452750509,3.308598478287458,0.44520617169931653,0.6588286843791961,0.0187023024430634,5.476867646330444,5.45816534388738,0.21730267493467015,0.7947352466498395,5.476867646330444,-0.0008006814950765719,0.2444081414919188,-1.1486470699310305,1.120461344718933,2.2691084146499634,-0.0026562861166894002,0.24422366291468778,1.120461344718933,-0.012664151971641007,0.3361659850017031,-1.6091420650482178,2.3634071350097656,3.9725492000579834,-0.0034284541616216,0.33614908328117254,2.3634071350097656,0.02572700275195972,0.25826461319357097,-1.4016553163528442,1.2662816047668457,2.66793692111969,0.00181816122494635,0.2593474896538754,1.2662816047668457,0.275745032469824,0.40511309350551833,0.0068921434665797,2.4108054222657267,2.403913278799147,0.09261988498483514,0.48979845253737453,2.4108054222657267,1.0070393561399975,1.7546731103682824,-1.1304619005877523,3.3515926936224103,4.482054594210163,1.8324914678670463,2.021961138001119,3.3515926936224103,-9.373471611893304,0.6265979892495128,-9.803376677417754,-7.7132625934988255,2.0901140839189285,-9.620558396328985,9.394359925216369,-7.7132625934988255,-1.071279473615207,1.638445617952603,-5.140519306659698,0.2218966016216203,5.362415908281318,-0.3651377458099275,1.956543881490768,0.2218966016216203
NFA_BendingDown_Lukas6,non_fall,bending_down,lukas,middle_cut_non_fall,0.044919400382822224,0.8887351804568233,-4.658359474816918,7.587144981536269,12.245504456353187,0.007186842764168901,0.8891196584588679,7.587144981536269,0.016306915651135945,0.5764373681417093,-3.0325252826571463,3.1963170839756727,6.2288423666328185,0.042083822491765,0.5761811095808962,3.1963170839756727,0.04803109841225782,1.0043243504533026,-9.097000678431987,5.657063638663292,14.75406431709528,0.04853755607525815,1.0046245852352138,5.657063638663292,0.8041230315019323,1.2197082160389734,0.0087276175283563,11.329370952284838,11.320643334756483,0.3551612980732452,1.4600647230020016,11.329370952284838,-0.0028185192465104126,0.40023478105136756,-1.4597499370574951,2.6832754611968994,4.1430253982543945,-0.0061362280976027,0.3999065345538955,2.6832754611968994,-0.00859533385369719,0.5756858161406002,-2.60960054397583,5.523401260375977,8.133001804351807,-0.0185808790847659,0.5752636069274312,5.523401260375977,0.012394412186679528,0.35288709494773096,-1.3545501232147217,1.6677422523498535,3.022292375564575,0.0029738014563918,0.3528067030029291,1.6677422523498535,0.4172961236757859,0.6647830345401703,0.0110792695307607,6.076807150251171,6.06572788072041,0.14131900448593188,0.7844271945297799,6.076807150251171,-1.3258354997607573,1.4622237181040738,-3.330765009649098,2.602225694172084,5.932990703821182,-1.980029176738113,1.9728979501849753,2.602225694172084,-9.490458330096242,0.32075882237087544,-9.77712638387382,-8.245800613448024,1.5313257704257968,-9.567533200845123,9.495868140571867,-8.245800613448024,-0.37545511870533677,1.4031783931293986,-4.708024838478863,0.8776735728245229,5.585698411303386,0.17997294726078394,1.4513959791495405,0.8776735728245229
NFA_BendingDown_Lukas7,non_fall,bending_down,lukas,middle_cut_non_fall,0.04396286116285922,0.6773848505616601,-2.3221330337673423,5.602426039546728,7.92455907331407,0.0071926879830658,0.6782732747385048,5.602426039546728,0.019537443755269047,0.5229503100134605,-4.8521565382987255,1.8159926068782808,6.668149145177006,0.037741117112338504,0.5229002275128829,1.8159926068782808,0.0264037690731914,0.7030869682375,-4.415001384830474,5.38007625079751,9.795077635627983,0.010935765235219101,0.7030247442967329,5.38007625079751,0.6747682858862852,0.8795674122887511,0.0163303501360082,7.768665827644285,7.752335477508277,0.3337884003270458,1.108026657734825,7.768665827644285,-0.02448392392492794,0.44925883754505985,-1.8051459789276123,2.104529619216919,3.9096755981445312,-0.00351416168268765,0.44956934393176684,2.104529619216919,-0.0020957146584618066,0.444428305881153,-1.9745957851409912,1.9012941122055047,3.8758898973464957,-0.01610930450260635,0.4440803900242453,1.9012941122055047,0.01798266146557465,0.35143068519993914,-1.8943270444869995,2.381312370300293,4.2756394147872925,0.0072345805820077,0.3516118104811516,2.381312370300293,0.41336579127203277,0.5938344219027692,0.0067647506629171,2.837065806321718,2.8303010556588006,0.1276131525753884,0.7231534090890801,2.837065806321718,-4.555795498167488,1.568305423940479,-6.90803809774816,0.6502031531259417,7.558241250874102,-4.606923594351112,4.817774426602591,0.6502031531259417,-8.152540939228237,0.7518124742048377,-8.942935321357846,-5.311706478926539,3.631228842431306,-8.255487017942965,8.187078146957582,-5.311706478926539,-1.1139955212168215,2.1674086520013067,-8.230611227622628,0.4046721760798245,8.635283403702452,-0.44764169536493714,2.4354033921439764,0.4046721760798245
NFA_BendingDown_Lukas8,non_fall,bending_down,lukas,middle_cut_non_fall,0.028894231210134513,0.5650759179189573,-2.402166647686064,5.074971606472134,7.4771382541581985,-0.0007717150248587,0.565397217963049,5.074971606472134,0.024948838720245035,0.3825969013692779,-2.901462615507841,2.107207257539034,5.008669873046875,0.0416419239431619,0.3831274126251462,2.107207257539034,0.021466097073314677,0.4452114730311612,-3.505255022853613,2.0640850319102406,5.569340054763853,0.0157645644980017,0.44540012042649435,2.0640850319102406,0.47037897757238634,0.6665145945187854,0.0055165498009573,5.808305350788329,5.802788800987371,0.2181694318613905,0.815378375762523,5.808305350788329,0.0011823577656750448,0.2859016319604608,-1.6618924140930176,1.2755250930786133,2.937417507171631,-0.0037631010636687,0.285692847223179,1.2755250930786133,-0.025618136222639358,0.32841271908641045,-1.5688859224319458,2.6365232467651367,4.2054091691970825,-0.021650917828083,0.3291684826072563,2.6365232467651367,-0.0008847116091339525,0.2850635690255001,-1.9762264490127563,1.187540054321289,3.1637665033340454,0.000639283331111,0.2848543307181139,1.187540054321289,0.27362486948435216,0.44332157039355363,0.0050866522750528,2.8055213084847788,2.8004346562097258,0.0809686946385204,0.5206863572490784,2.8055213084847788,-2.1497506545925766,1.248627286731858,-3.317577903556824,2.015310187347233,5.332888090904057,-2.611853646478057,2.4855975273657096,2.015310187347233,-9.339219283142592,0.3687793289769883,-9.739027831625938,-7.722715481498837,2.0163123501271007,-9.413881685268878,9.346486726492937,-7.722715481498837,-0.8084308111774557,1.4088118476122082,-5.894307629683613,-0.0082947183827462,5.886012911300867,-0.3098320747060701,1.623385201768165,-0.0082947183827462
NFA_BendingDown_Lukas9,non_fall,bending_down,lukas,middle_cut_non_fall,0.09979121840719932,1.2915511863388605,-5.787065983104705,8.406203356850147,14.193269339954853,0.0313556173263117,1.2945085400282184,8.406203356850147,-0.06550684315993804,0.9694671069293417,-5.800957145813107,5.264999088287353,11.06595623410046,0.041755028928816246,0.9710076538334756,5.264999088287353,-0.010005602882122705,1.2165949309577844,-9.436583346420528,8.753255045545101,18.18983839196563,0.03238106965022155,1.215793293966134,8.753255045545101,1.1804572309096633,1.6453059396204213,0.0206870274736727,12.362964575462025,12.342277547988353,0.5327054132926516,2.024045838824359,12.362964575462025,-0.030966899930138316,0.7894604597809578,-5.299283981323242,4.913772106170654,10.213056087493896,-0.0064261036459356494,0.789521084154694,4.913772106170654,0.17132051501184808,1.210209573659357,-3.2995896339416504,12.07057285308838,15.370162487030031,0.008827516343444551,1.2214456145058472,12.07057285308838,-0.14055228374825554,0.830989692412377,-6.240881443023682,3.2073814868927,9.448262929916382,-0.0037103649228811,0.8422246620772204,3.2073814868927,0.8184098592309047,1.4689483553701796,0.0061040782376354,12.551743572793889,12.545639494556253,0.23218056614577803,1.6806591900000005,12.551743572793889,-0.297686554193632,1.9156765853146653,-3.430938617537916,8.498300625789165,11.929239243327082,-1.140661076910421,1.9373567599555415,8.498300625789165,-8.66414100886036,3.0611615294691052,-9.80528747947514,4.758680966743826,14.563968446218967,-9.712695412756503,9.18831162446769,4.758680966743826,-0.0032632349529839433,2.8289645817653213,-4.928602649119496,9.685454062348605,14.6140567114681,0.42638475312888613,2.8270066695731235,9.685454062348605
NFA_BendingDown_Polina1,non_fall,bending_down,polina,middle_cut_non_fall,0.004624725867426594,0.1915149538832774,-1.0743640927255154,0.554673279389739,1.6290373721152545,-0.001351999130845,0.19147880363743458,0.554673279389739,-0.01022864849469216,0.23586084403400842,-1.2283967165738343,1.398001003563404,2.6263977201372386,-0.0197965873599052,0.23596932782261354,1.398001003563404,-0.014375573082033829,0.11112944354617342,-0.4620854504548013,0.5433598582148551,1.0054453086696564,-0.0253934575188904,0.11200244179783521,0.5433598582148551,0.21499495518020476,0.24232990543051025,0.0095561302089272,1.4576863810524192,1.4481302508434921,0.1176493703577343,0.32386756997908384,1.4576863810524192,0.030370667767348643,0.09245070526230163,-0.206073448061943,0.4406904280185699,0.6467638760805129,0.0086010936647653,0.09726921332992675,0.4406904280185699,-0.012224771268263192,0.0657937280432348,-0.3520004451274872,0.2963312864303589,0.6483317315578461,-0.0080145066604018,0.06688872370585114,0.2963312864303589,0.06290735522625962,0.2304519775805951,-0.5301929116249084,1.0616977214813232,1.5918906331062317,0.008701791986823,0.23877695213825892,1.0616977214813232,0.1426052687358798,0.22508273660505926,0.0033965985534218,1.1376727801350432,1.1342761815816214,0.0535768582678463,0.26636410060902893,1.1376727801350432,4.458503038554089,3.3205080091390915,-0.2883666042858734,7.187604396191239,7.475971000477113,6.870848477038741,5.558185968684225,7.187604396191239,7.78982697089744,1.2449305676961755,6.623534342902898,9.534447508323192,2.9109131654202933,6.9726575771749015,7.888584635030097,9.534447508323192,0.5958552536335248,1.6415648331377086,-0.8883948002599179,3.105074093778432,3.9934688940383496,-0.5498670846844091,1.7456202285360436,3.105074093778432
NFA_BendingDown_Polina10,non_fall,bending_down,polina,middle_cut_non_fall,0.05380343291020318,0.4058514335369172,-3.248899504128098,1.9231237788200377,5.172023282948135,0.0137789345055818,0.4089838039173919,1.9231237788200377,0.017049870391379052,0.4086410036412993,-0.8723656026095151,3.2722271882236003,4.144592790833116,-0.0553933859199285,0.4085719038802488,3.2722271882236003,-0.0030736254180001275,0.14058813627139574,-0.6455804617613554,0.869856688528508,1.5154371502898634,0.0004585574224591,0.14047554843232288,0.869856688528508,0.2984056431152676,0.5152068037502062,0.0089442216000653,3.5583034843744885,3.549359262774423,0.1476680655495464,0.5949219547255193,3.5583034843744885,0.020313597107093146,0.15462463741235632,-0.1370098143815994,0.7010553479194641,0.8380651623010635,-0.0172025561332702,0.15579381990995234,0.7010553479194641,-0.014406596026296209,0.10499655035966451,-0.8033279180526733,0.4180916845798492,1.2214196026325226,-0.0020429443102329,0.10587212147033183,0.4180916845798492,0.044035770852900974,0.2178230647975643,-0.0849825665354728,1.4637181758880615,1.5487007424235344,-0.0017893281765282,0.22200764512632948,1.4637181758880615,0.12254143412325792,0.2643802710156827,0.0023946107017323,1.595506804907432,1.5931121942056996,0.049153382560369,0.2911494717860597,1.595506804907432,7.074909230864444,0.13123603184451957,5.787053123623132,7.145173367697,1.3581202440738673,7.095837966641783,7.076123777506193,7.145173367697,6.10423864935144,0.21397114586689195,5.869654249942302,7.762130961564183,1.8924767116218808,6.060051149591804,6.107979858774366,7.762130961564183,-2.9543657905282044,0.2515869990765598,-3.267802065257728,-1.558764396971464,1.7090376682862642,-2.987467997312545,2.965036534310237,-1.558764396971464
NFA_BendingDown_Polina2,non_fall,bending_down,polina,middle_cut_non_fall,0.01788103453853083,0.2416711226713451,-1.5805167945742606,1.465114345632493,3.045631140206754,0.0177433080919086,0.2422174700650645,1.465114345632493,-0.01875053418876151,0.2650319965501608,-1.0509767873972653,1.7379612726926803,2.7889380600899454,-0.0307201324343681,0.26556912785867826,1.7379612726926803,0.0047574566953417375,0.15213062974553923,-1.0646320955231785,0.9381564639031886,2.0027885594263672,0.0016015899777412,0.15213291792890735,0.9381564639031886,0.22908494684854622,0.31615743054824225,0.010905241504788,1.8748147133129252,1.863909471808137,0.1073070740536106,0.39030845391036956,1.8748147133129252,0.022940658169502828,0.1801636015063027,-0.4584068059921264,0.7460188269615173,1.2044256329536438,-0.0050388276576995,0.1815335515903916,0.7460188269615173,-0.011729185459958793,0.12992338695342334,-0.8524739146232605,0.2344453930854797,1.0869193077087402,0.0054717864841222,0.13039041447527475,0.2344453930854797,0.04247841363512333,0.2762072710695787,-0.7540687918663025,1.4061788320541382,2.1602476239204407,-0.002469380851835,0.27932518502215925,1.4061788320541382,0.18229136718539612,0.3079584406970225,0.0016944971812416,1.7336161820872589,1.7319216849060173,0.0474656933924078,0.3577410369634979,1.7336161820872589,4.406336507930845,3.151723223676468,0.379502261651121,7.255773092532157,6.876270830881036,6.854844852221012,5.416617504805054,7.255773092532157,7.525795572423059,1.5486388305493544,5.870029512995481,9.445797164967656,3.575767651972175,6.724435096022487,7.683333129058742,9.445797164967656,-0.3228322334326814,2.774907642692282,-3.2456150756299493,3.189025757923722,6.434640833553671,-1.9660140953890977,2.792317029216362,3.189025757923722
NFA_BendingDown_Polina3,non_fall,bending_down,polina,middle_cut_non_fall,0.019810532370558676,0.2958781926923134,-1.6183733547598125,2.161979881212116,3.780353235971928,0.0026011406754143,0.2963769673519225,2.161979881212116,-0.015616555977647401,0.34868878117704605,-1.8186334767758845,2.0871300996720787,3.9057635764479635,-0.03327829248458145,0.34884516521830966,2.0871300996720787,-0.0013411995502592535,0.22744806902525,-1.05557463658154,1.680044651905447,2.735619288486987,0.0026934768676756997,0.22732591070476066,1.680044651905447,0.26956327677748876,0.4344585451531728,0.0035394499269046,2.7117015063232386,2.708162056396334,0.106040874068853,0.511086417106404,2.7117015063232386,0.02441090927072109,0.2518513016525054,-0.5370162129402161,1.0935981273651123,1.6306143403053284,-0.01575367059558625,0.2528925664185038,1.0935981273651123,-0.0038372416616089325,0.12928523643346088,-0.7817046642303467,0.3260670006275177,1.1077716648578644,0.01718024071305985,0.12927051521648122,0.3260670006275177,0.04389570906403126,0.343596209259785,-0.7024944424629211,1.5370155572891235,2.2395099997520447,0.0012493180111049999,0.34619980242292653,1.5370155572891235,0.225751593567904,0.3869393058298505,0.0039440042920445,1.7661926561701449,1.7622486518781004,0.051042319926451446,0.4477943941718623,1.7661926561701449,5.146334947906509,2.9275306426185264,0.5406411373080685,7.329163322913646,6.7885221856055775,7.236139586779474,5.919940664218662,7.329163322913646,6.956158615417673,1.7851998975376437,5.0389399236261845,9.51671486775577,4.477774944129585,5.633283242364227,7.181333313917628,9.51671486775577,-1.4772144790567128,2.716461140038626,-4.285000501693785,2.6938436551615594,6.978844156855345,-3.3833893692471086,3.090815888128761,2.6938436551615594
NFA_BendingDown_Polina4,non_fall,bending_down,polina,middle_cut_non_fall,0.021162746533527965,0.30542134309405244,-1.8233862242609264,1.8066788350880143,3.630065059348941,0.0047622094331308505,0.30598801441563755,1.8066788350880143,-0.004929875407413278,0.32015152388845547,-2.1907734294980763,1.732122483536601,3.922895913034677,-0.0311582315906882,0.32001545609380877,1.732122483536601,-0.001177291593696295,0.307740858826687,-1.3935551300704478,2.0422025781869886,3.4357577082574364,-0.0021176497410982497,0.3075758160231841,2.0422025781869886,0.2788561823046752,0.4616408919456194,0.012591822645761,2.383436271285001,2.37084444863924,0.10593222697629684,0.5391117135689786,2.383436271285001,0.039568898981467454,0.3244583418657561,-0.8025221228599548,1.23809552192688,2.0406176447868347,-0.0012086576316505501,0.32668713773978575,1.23809552192688,-0.0019092356874708888,0.10486305839626352,-0.6729527711868286,0.4749589264392853,1.147911697626114,0.01001066062599415,0.10482344079213465,0.4749589264392853,0.04075294556248042,0.3470209596917679,-1.13273823261261,1.6675347089767456,2.8002729415893555,0.0031605842523276502,0.3492183469954185,1.6675347089767456,0.22677196765371452,0.434102752822336,0.0030564568950163,2.0671393027375404,2.064082845842524,0.036930765543046945,0.4895568338633712,2.0671393027375404,5.061384773576641,2.941079709655661,1.1347320521876216,7.585953141403197,6.451221089215575,7.338422734168171,5.85304737425986,7.585953141403197,6.565201647045264,2.401341714626286,4.254277738910913,9.53991571060121,5.2856379716902975,4.518005539970099,6.990139256481087,9.53991571060121,-1.9087262812120906,3.068741965656854,-4.92318588476777,2.189831034081429,7.113016918849199,-4.319474725964665,3.6125029005030616,2.189831034081429
NFA_BendingDown_Polina5,non_fall,bending_down,polina,middle_cut_non_fall,0.013264217710745135,0.24906117131951935,-1.1458992698248476,1.1150152520656584,2.260914521890506,0.008870850328356,0.2492348772005091,1.1150152520656584,-0.02893894936939651,0.34004866558677926,-1.5557932722061871,1.6699638412654398,3.225757113471627,-0.03258095787018535,0.34103363392119196,1.6699638412654398,0.004540911651339234,0.23264396175111296,-1.2115724230229854,1.4344953354850412,2.6460677585080266,0.005854571247100799,0.23252063452379743,1.4344953354850412,0.27310521384956155,0.39765462779113736,0.0108593151390538,1.928619273551551,1.9177599584124974,0.11488103344315255,0.4821698963622633,1.928619273551551,0.1193586711852975,0.3036559307557893,-0.0923905298113823,1.386872172355652,1.4792627021670344,0.0090053146705031,0.32606832668475294,1.386872172355652,0.019807293868532406,0.09966643325808743,-0.2329910099506378,0.8545485734939575,1.0875395834445953,0.01097324863076205,0.1015451306331253,0.8545485734939575,0.12112101476997814,0.329688544500324,-0.1410541832447052,1.6136599779129028,1.754714161157608,0.005024308105930599,0.3510102793711821,1.6136599779129028,0.21413409509006823,0.4407569579252396,0.0035268017459897,2.047498798196205,2.0439719964502157,0.044853139271705755,0.4897348093065558,2.047498798196205,2.8575120306003634,3.5898121264812493,-2.70837194672972,5.506284463652968,8.214656410382688,5.392304156468809,4.586235635336795,5.506284463652968,7.887597305806806,0.8441564679367654,7.212268297326564,9.790821147227287,2.5785528499007233,7.284567517600953,7.93257616412048,9.790821147227287,-1.53493340589485,3.1415388856156845,-3.913696999795736,3.469038046568632,7.382735046364368,-3.7051648701272897,3.494433614359545,3.469038046568632
NFA_BendingDown_Polina6,non_fall,bending_down,polina,middle_cut_non_fall,0.028150888002024567,0.29047083756282666,-1.459452958869934,1.1786439668893811,2.6380969257593154,0.00944032077938315,0.291623994131598,1.1786439668893811,0.0004854235937968867,0.3629037991435258,-1.570181863042712,2.1790502584785223,3.749232121521234,-0.0360439578056335,0.36264332356622275,2.1790502584785223,0.01444717884836132,0.22298797567944925,-1.0305090227775275,1.2995423828989268,2.3300514056764543,0.0099769118741154,0.22329558049071113,1.2995423828989268,0.3055046853104373,0.41633109086750114,0.0089807844976009,2.343407643988765,2.334426859491164,0.1193629166161013,0.5161546767657018,2.343407643988765,0.03882304462336605,0.21406884073661744,-0.4224515557289123,0.9332367777824402,1.3556883335113525,-0.00444498518481845,0.21740942062768762,0.9332367777824402,-0.00956623813327424,0.10023742974705616,-0.6739258170127869,0.2369074374437332,0.9108332544565201,0.00322202965617175,0.10062116631351598,0.2369074374437332,0.06845078985581453,0.36782155340938033,-0.7767443060874939,1.7699804306030271,2.5467247366905212,-0.0016657900996506002,0.37387674403220233,1.7699804306030271,0.2227639767171127,0.38440058535074595,0.0069803457199657,2.0727800361886684,2.065799690468703,0.05490036675589205,0.44404424893931455,2.0727800361886684,5.537231664959819,2.137427077450077,-0.3628383097611367,6.687080640140176,7.049918949901313,6.4962660996004935,5.934893844903765,6.687080640140176,7.568294767029318,0.8247918058582159,6.917822409659624,9.560985386636853,2.643162976977229,7.166255318692326,7.613040771444277,9.560985386636853,-0.9698897351905609,1.4322341891637476,-1.9631966998808088,2.993493248951435,4.956689948832244,-1.6144446370087562,1.7288821846595648,2.993493248951435
NFA_BendingDown_Polina7,non_fall,bending_down,polina,middle_cut_non_fall,0.03636181785379735,0.4376307910250828,-3.1210563835471867,2.1100001031279563,5.2310564866751434,0.01672463256865735,0.4388324296251193,2.1100001031279563,-0.021173338365713845,0.38862178356356986,-1.8121470373660324,2.7561200785934923,4.568267115959525,-0.04138941048681735,0.388925551356828,2.7561200785934923,-0.005076453778299431,0.297860098254064,-1.1490727122291922,1.8095991064488888,2.9586718186780807,-0.0016623802542685999,0.29769413980973514,1.8095991064488888,0.34107610097461266,0.5626459823910447,0.0129327860914161,3.457277246818144,3.444344460726728,0.13331825374024536,0.6576159872341578,3.457277246818144,0.07814774248164326,0.29044224520888007,-0.2933894395828247,1.317406415939331,1.6107958555221558,-0.004096660995855849,0.30057493067254226,1.317406415939331,-0.02126335519041574,0.13131415859469672,-0.8517605662345886,0.2514132857322693,1.103173851966858,0.0078968051820993,0.13293351816369153,0.2514132857322693,0.12012040551511173,0.4023313031530098,-0.3039370477199554,2.4535343647003174,2.757471412420273,0.0038236263208091,0.4196093935336224,2.4535343647003174,0.21931392447009873,0.48612957917762384,0.0098903396637103,2.7478898853048133,2.737999545641103,0.05315611176096525,0.5329996738665367,2.7478898853048133,6.684314141957526,2.4679318811993047,1.0702955281123518,7.953900318610668,6.883604790498316,7.871706604048609,7.124758871839619,7.953900318610668,5.754915730435222,1.733267976517255,4.445262667581439,9.36432475041747,4.919062082836032,4.893838501991331,6.00991293911138,9.36432475041747,-2.0982626580204884,2.2120829733388008,-3.8659944606393575,2.823956474240124,6.689950934879482,-3.093868078500777,3.0478098095281423,2.823956474240124
NFA_BendingDown_Polina8,non_fall,bending_down,polina,middle_cut_non_fall,0.02655425608431727,0.3436207568430812,-2.615562437868118,1.2212667185634374,3.8368291564315555,0.0175184132948517,0.34443423205527657,1.2212667185634374,-0.03253693876482287,0.3454712066853133,-1.9614169768571847,1.7168512646466492,3.678268241503834,-0.047130292226374104,0.3467881541192148,1.7168512646466492,-0.002112352061563913,0.22134532682797067,-1.1331856995284555,1.2047959146253764,2.337981614153832,0.00544789014235135,0.22121907378140804,1.2047959146253764,0.2771987539982661,0.45962578338429816,0.0144473789395734,2.722851651282657,2.7084042723430835,0.11802678222917035,0.5365024162607512,2.722851651282657,0.06246087848601102,0.23879045785355849,-0.1770879328250885,1.3485513925552368,1.5256393253803253,-0.01072186464443795,0.2466820247629208,1.3485513925552368,-0.01640457300333939,0.08017996484568585,-0.4431240260601043,0.4063645005226135,0.8494885265827179,-0.0049790516495704,0.08179253941368408,0.4063645005226135,0.10535473121058316,0.3560250895438836,-0.0895349308848381,2.0369579792022705,2.1264929100871086,-0.00096013466827565,0.3710759800296656,2.0369579792022705,0.17916974999690052,0.41635454972402214,0.0037450482974968,2.257661740887134,2.253916692589637,0.04415930981541615,0.45303357910849185,2.257661740887134,5.282301686394869,2.9627066776569744,-0.6826731249023229,6.928600408783555,7.6112735336858774,6.880260740767419,6.055537306771736,6.928600408783555,7.101181391492716,1.283646036271026,6.113266606950759,9.678455581763384,3.5651889748126244,6.404537371712923,7.216127427925765,9.678455581763384,-1.6940313362074584,2.1364082328493885,-3.437292662739753,2.6482635149866343,6.085556177726387,-2.744114145109802,2.7255020308281925,2.6482635149866343
NFA_BendingDown_Polina9,non_fall,bending_down,polina,middle_cut_non_fall,0.02451180432469617,0.5191277827972542,-3.621827976879477,1.9773469519168136,5.599174928796291,0.0065022215008735,0.5193653362236642,1.9773469519168136,-0.026508848083935617,0.5579493446603984,-2.99128375620842,3.9291076271563767,6.920391383364796,-0.0444569813638925,0.5582124267687032,3.9291076271563767,-0.016270294591580338,0.3461627763355203,-1.4409177697479725,2.79510301246047,4.236020782208443,-0.0115717798501253,0.3463176693352082,2.79510301246047,0.37939738177750104,0.747039728674036,0.0088536744936069,4.439981979162704,4.431128304669097,0.1183018558478712,0.8374230674894829,4.439981979162704,0.07685116383690098,0.2768451380612712,-0.18062125146389,1.571845293045044,1.752466544508934,-0.0058586290106177,0.28713867383823233,1.571845293045044,-0.013114031808421451,0.10772524676419958,-0.908089280128479,0.2675751149654388,1.1756643950939178,0.0042885583825409,0.10845025267642713,0.2675751149654388,0.10205134834375834,0.37095541757910105,-0.1489378213882446,2.509126901626587,2.6580647230148315,0.005688046105206,0.3845017222364838,2.509126901626587,0.19529440404162887,0.4518628668083487,0.0044225426325098,2.818153358935018,2.813730816302508,0.0555476889263116,0.49198744874435757,2.818153358935018,5.759967796826252,2.5825623141587526,0.5530016198504716,7.225572015535831,6.6725703956853595,7.165200256681442,6.311742456128813,7.225572015535831,6.669019346955623,1.5228821623955204,5.58386513146162,9.532763500759003,3.9488983692973836,5.860897527512908,6.8404635516124666,9.532763500759003,-2.045978097790195,2.315463727770331,-3.7636686431527138,2.6087586030721663,6.3724272462248805,-3.25813816485554,3.0887462641030776,2.6087586030721663
NFA_FastSittingDown_Lukas1,non_fall,fast_sitting_down,lukas,middle_cut_non_fall,0.0273793584615613,0.8140123507417297,-3.824206406223774,3.615246844923496,7.43945325114727,0.0047527474850416,0.8129126505342249,3.615246844923496,0.054927108777340104,0.7873905473473041,-4.683767472317815,4.009923039102554,8.693690511420368,0.0203185654073953,0.787797844747346,4.009923039102554,0.08151799815941914,0.7244552461110695,-4.387298262129724,5.174176077067852,9.561474339197575,0.062635173741728,0.7276467027523558,5.174176077067852,0.6631815303644346,1.1731947462552152,0.0392272274145521,7.581301701781145,7.542074474366593,0.2292458290373804,1.3457050737860496,7.581301701781145,-0.07429161182202405,0.3201030319008418,-2.0035808086395264,0.701140820980072,2.7047216296195984,-0.0055387085303664,0.32801311676292444,0.701140820980072,0.1346455814559512,0.48553796907122343,-0.6395633220672607,3.3491370677948,3.9887003898620605,0.0178629197180271,0.5029645179803269,3.3491370677948,-0.2505531138160634,0.6729380512600871,-3.9141745567321777,0.5307480096817017,4.444922566413879,-0.0224343426525592,0.7168594304211944,0.5307480096817017,0.4195482925416027,0.8373284083890955,0.006405334085014,4.459739639769857,4.453334305684844,0.1015898807648071,0.9351221065184535,4.459739639769857,5.696392004565104,4.75319488605428,-1.5594344051875173,9.30182942353785,10.861263828725367,9.064760789084437,7.4131761618261915,9.30182942353785,-4.967111679624863,3.3923034167660164,-9.707475340020656,-1.972395613119751,7.735079726900905,-2.400554974705726,6.011308511345353,-1.972395613119751,-2.0263774660184377,0.9883903553320788,-3.464506540618837,-0.3290621507570147,3.135444389861822,-2.4068375621065496,2.2537475808212046,-0.3290621507570147
NFA_FastSittingDown_Lukas10,non_fall,fast_sitting_down,lukas,middle_cut_non_fall,0.03079960914505646,1.2950670421076527,-5.865905711063743,11.29279573548436,17.1587014465481,0.004794833061099,1.2935051591885243,11.29279573548436,0.00578282118514182,1.3059269480712388,-9.45313642181456,7.791321400213241,17.2444578220278,-0.0161281279802322,1.3039949788923146,7.791321400213241,0.060615658332551024,1.1587636582048606,-9.225061825677752,7.034441540914774,16.259503366592526,0.0339314956963062,1.1586247208665699,7.034441540914774,0.7315391451937292,2.047754937742363,0.0112821053536123,14.766754936523524,14.755472831169913,0.09244610523797844,2.1716283626870494,14.766754936523524,-0.11100641346725058,0.4698553315568939,-3.339407205581665,0.965875506401062,4.305282711982727,-0.0029753587441518,0.4821093450784934,0.965875506401062,0.0980498114400862,0.5982605613351228,-1.0005210638046265,6.159311294555664,7.1598323583602905,0.0024471501819789,0.6053628989928841,6.159311294555664,-0.08359227071265368,0.4299681082427633,-3.2769899368286133,1.8261960744857788,5.103186011314392,-0.00244319660123435,0.43739001570039926,1.8261960744857788,0.2802285884124043,0.8448668705826426,0.0015597500583592,6.619974810845076,6.618415060786718,0.023754526633194148,0.8889340166308622,6.619974810845076,3.886847456389343,1.4762867265302004,-2.245683415815234,4.391714032745361,6.637397448560595,4.347816292699426,4.1569843963725255,4.391714032745361,-5.769503638466758,0.963895307571571,-9.586641221418976,-5.381261076667904,4.2053801447510715,-5.447803925372661,5.849230824393699,-5.381261076667904,-6.5640829212660545,1.2625097354994166,-7.1039043687194585,-0.4205162264216691,6.683388142297789,-6.887097016528248,6.6840385686892105,-0.4205162264216691
NFA_FastSittingDown_Lukas2,non_fall,fast_sitting_down,lukas,middle_cut_non_fall,0.031521282957867804,0.7545670922433944,-5.486785397934914,5.939536179941892,11.426321577876806,0.0200056635333225,0.7545280944294659,5.939536179941892,0.027253424201834454,0.5567242530962457,-4.173861555415392,5.463742960521579,9.637604515936971,0.0028170301821082,0.5568767705535297,5.463742960521579,0.059955733350820245,1.124324852249778,-10.277271954262256,12.524267621719837,22.80153957598209,0.0217108965486288,1.1248841952291915,12.524267621719837,0.5043435152431445,1.3762002920738157,0.0087428486503194,12.722775292273123,12.714032443622804,0.1277482816723419,1.4645097594560152,12.722775292273123,-0.09255008044634995,0.5548224731452706,-5.957141876220703,0.7801653742790222,6.737307250499725,-0.0017754801083356,0.5619826474092813,0.7801653742790222,0.11848684733954315,0.5929233428366185,-0.9016125798225404,7.89921236038208,8.80082494020462,0.0103297624737024,0.604108759546839,7.89921236038208,-0.07230851437824187,0.4593960127350832,-2.9245619773864746,3.1621763706207275,6.086738348007202,-0.0017332641873508,0.4646322380828327,3.1621763706207275,0.29483998307818343,0.9006796766922888,0.0009697694478738,8.871955891390524,8.87098612194265,0.038463573037237,0.9469186902877285,8.871955891390524,5.481313562094253,3.7309666277868843,-0.0605484853944741,8.8775395968616,8.938088082256074,8.467893212565778,6.628663515919711,8.8775395968616,-3.4175342561651627,4.76193559107917,-9.789311911708117,0.7639480441190302,10.553259955827146,0.0428921842991607,5.8577859244651656,0.7639480441190302,-3.284216525575336,2.6729532511108753,-7.990956668329239,0.4613042369492351,8.452260905278473,-4.579621161405742,4.23291280782509,0.4613042369492351
NFA_FastSittingDown_Lukas3,non_fall,fast_sitting_down,lukas,middle_cut_non_fall,0.01887578040581946,0.8944975518940438,-4.828569618745148,6.334544967076182,11.16311458582133,-0.0118657578280195,0.893464023859268,6.334544967076182,0.04682671603271864,1.0841156709164075,-9.6640704980582,5.5987663479954,15.262836846053599,0.0254588509052991,1.0836335956007397,5.5987663479954,0.038294088507133735,0.7832035093649246,-4.833349838759005,5.3002925199866295,10.133642358745634,0.0293356923386454,0.7830608825751143,5.3002925199866295,0.756187859388651,1.4210796139879753,0.020381073525798,10.439290605581856,10.418909532056059,0.3204762037197068,1.6080186806330015,10.439290605581856,-0.06337095671282061,0.4059728025593911,-2.986330509185791,1.0047107934951782,3.9910413026809692,0.0152056440711021,0.4103361570042627,1.0047107934951782,0.08819108533277882,0.48527754237187176,-1.272591233253479,3.556234359741211,4.82882559299469,0.0114585254341363,0.49256798114928496,3.556234359741211,-0.1341003644521946,0.5340656494518203,-3.929565668106079,0.5134523510932922,4.443018019199371,-0.0238327030092477,0.5499302490218843,0.5134523510932922,0.35188936843201674,0.7689114692606807,0.0119813737415557,4.83257261613761,4.820591242396055,0.1310013562989521,0.8446432717945375,4.83257261613761,5.045326189766905,3.4799096661435613,-0.5794963896747678,8.061406169083714,8.640902558758482,6.638050944033265,6.126314340139161,8.061406169083714,-5.843879488304299,2.4830054686701333,-9.773895731389524,-3.852528537605703,5.921367193783821,-4.40878148740232,6.348169759012275,-3.852528537605703,-3.793253990446458,1.9903618961311078,-5.987613689890504,-0.5894159088058397,5.398197781084665,-4.239687780283392,4.282452916140426,-0.5894159088058397
NFA_FastSittingDown_Lukas4,non_fall,fast_sitting_down,lukas,middle_cut_non_fall,0.05287545114132372,0.3938793042210817,-1.3778577947229147,3.0686493199616667,4.446507114684581,0.019358195942640252,0.3965629760171065,3.0686493199616667,-0.02103936095146381,0.29935388463215157,-1.7424892715111373,1.6111767212539911,3.3536659927651282,-0.02166881097257135,0.2994424524162611,1.6111767212539911,0.03196396197742741,0.49921113038999093,-4.552570365133882,2.34185187971592,6.894422244849801,0.03828559925258155,0.499149194340689,2.34185187971592,0.34090548203338733,0.6176731578763114,0.0258735948156754,5.760101946990857,5.734228352175181,0.138650202946195,0.7043279736511733,5.760101946990857,-0.014349023616650027,0.1187266769846927,-0.4933936297893524,0.6123374700546265,1.1057310998439789,0.00256235594861205,0.11933411602076646,0.6123374700546265,0.02041021863899557,0.1349327767448377,-0.5185786485671997,1.000293850898743,1.5188724994659426,0.0138279325328767,0.13617735138097456,1.000293850898743,-0.022020751679235156,0.11496167600714982,-0.4522658288478851,0.617215633392334,1.0694814622402191,-0.01637086831033225,0.11680598774248904,0.617215633392334,0.12833255195614557,0.17346505060574735,0.0059284601744391,1.2397060139056209,1.2337775537311817,0.05515689399340665,0.21547283134560993,1.2397060139056209,6.3518755836534755,0.21529961946886908,6.055229428523779,7.166698970806598,1.1114695422828191,6.300778014291823,6.355507518487197,7.166698970806598,-4.134723552973879,0.2336775660482556,-4.990746093821525,-3.673274378739297,1.3174717150822284,-4.079593810569495,4.141292871852574,-3.673274378739297,-6.211836324895269,0.20217474269654023,-6.515220098656416,-5.580329358550906,0.9348907401055095,-6.28231033744812,6.215111216873357,-5.580329358550906
NFA_FastSittingDown_Lukas5,non_fall,fast_sitting_down,lukas,middle_cut_non_fall,0.028613225716194353,0.9071018036921088,-3.99333255430758,7.155099718427658,11.148432272735239,0.0029646950244903002,0.9064074889989432,7.155099718427658,0.03897428043369919,1.0230675205165092,-6.646550476831197,7.237084174153209,13.883634650984405,0.0039596974112093,1.0225179935842732,7.237084174153209,0.03616433315130721,1.1958377756770777,-10.799862580692768,6.29836715375781,17.098229734450577,0.0233382054895162,1.1948743293528477,6.29836715375781,0.663796811169132,1.6915797064096172,0.013376029273488,12.682412106446314,12.669036077172827,0.14065819958522485,1.8151700323284852,12.682412106446314,-0.06803671445761046,0.3779842429877626,-3.0359644889831543,0.5872979760169983,3.6232624650001526,0.00205051380908115,0.3835887046829482,0.5872979760169983,0.07186399655113222,0.49577754660391116,-1.8112776279449463,4.8669047355651855,6.678182363510132,-0.00215563096571705,0.5003389994030755,4.8669047355651855,-0.12317663414469646,0.5748757162460095,-5.108321666717529,0.671784520149231,5.78010618686676,-0.0186194609850645,0.5872137784473846,0.671784520149231,0.28238578351345084,0.8150061722567812,0.0048600654751438,6.804070340481383,6.7992102750062395,0.050261067187130595,0.8615680067658427,6.804070340481383,5.896840181233418,3.1995518961643317,-0.2264790523073636,7.935912241977452,8.162391294284816,7.558081676398217,6.7070116382017915,7.935912241977452,-5.353733548918618,2.4258749938486224,-9.799217219650744,-3.510700136516988,6.2885170831337565,-4.194843407037109,5.876433579737547,-3.510700136516988,-3.7199708408671865,1.6801359659579982,-5.012730546614527,-0.3176674079742282,4.6950631386402994,-4.5729188872881235,4.080920422476188,-0.3176674079742282
NFA_FastSittingDown_Lukas6,non_fall,fast_sitting_down,lukas,middle_cut_non_fall,0.013604002018345841,0.7172142673254203,-3.355711819379032,7.258217563074827,10.61392938245386,0.002283909686096,0.7164186000186737,7.258217563074827,0.05640603017156808,0.7196133497670507,-4.188660480618476,6.335374988159537,10.524035468778013,0.01577873002067205,0.720895530249491,6.335374988159537,0.03852839493835391,0.5912662478404074,-4.037768785144388,3.706302495855093,7.744071280999481,0.01978315248959695,0.5917594046662776,3.706302495855093,0.47722186171628683,1.0762759652002443,0.003095050667559,8.193180703204355,8.190085652536796,0.1127706336734528,1.1760634204826705,8.193180703204355,-0.052720013941691,0.27521517338752927,-1.916109561920166,0.6928083896636963,2.6089179515838623,0.0022960900096222,0.2798706426293656,0.6928083896636963,0.06877979294387336,0.38327594753972133,-0.7168660759925842,3.673152446746826,4.39001852273941,-0.00018903979798775,0.3889119469334915,3.673152446746826,-0.1723473225816239,0.5640296644586722,-3.729569435119629,0.3270914554595947,4.056660890579224,-0.02396717760711905,0.5890782127150849,0.3270914554595947,0.28265649028551587,0.7056783877927831,0.0025481018254132,4.114875020357852,4.112326918532439,0.05088845146508015,0.7593373557049409,4.114875020357852,4.94769290713191,4.558777625547172,-1.002544984118268,8.86832811640203,9.870873100520297,8.480375677520037,6.723730773770252,8.86832811640203,-5.521824977276222,3.439066490238432,-9.774020819073916,-2.0486057232275603,7.7254150958463566,-3.1610129847519097,6.502864521546708,-2.0486057232275603,-2.433593599233335,1.6611200452174002,-4.0485920847147705,-0.1244792519046924,3.9241128328100783,-3.706837187253684,2.945265007070082,-0.1244792519046924
NFA_FastSittingDown_Lukas7,non_fall,fast_sitting_down,lukas,middle_cut_non_fall,0.025877085227764603,0.9427736139007643,-4.492748056855797,5.85927080309391,10.352018859949707,-0.007045826858282,0.9419786897050525,5.85927080309391,0.04418669273944888,1.2802072267438824,-8.708537367418408,9.967201796483993,18.6757391639024,0.01099397996217005,1.2794083068564261,9.967201796483993,0.05135018305218938,1.6683397481659152,-21.7408217312932,12.30894846225977,34.049770193552966,0.04853665189296,1.667094982220027,12.30894846225977,0.7566130125148532,2.177732540074545,0.014846811641046,24.235408581818128,24.22056177017708,0.18125889428836667,2.302914489783515,24.235408581818128,-0.05708114991458587,0.33991605341851094,-2.896879911422729,0.8637369275093079,3.760616838932037,-2.4797511287000002e-05,0.3442664215966523,0.8637369275093079,0.10028067061723006,0.9209286629960785,-2.923557043075561,11.230791091918944,14.154348134994505,0.0016067281831055,0.9252552378784509,11.230791091918944,-0.1118962784581704,0.5377186441399755,-4.8692708015441895,0.6543160676956177,5.523586869239807,-0.00261898885946715,0.5485953833267379,0.6543160676956177,0.3170821453433075,1.0853134901510444,0.0022192140373108,11.271718120137727,11.269498906100416,0.0520134738564601,1.129412908934497,11.271718120137727,2.9363018159594727,4.159240916398803,-3.475366080546379,5.963423836007714,9.438789916554093,5.6404041802853335,5.087136716956061,5.963423836007714,-6.795294449269378,1.5998834440769192,-9.226246651548148,-5.495805739736556,3.730440911811592,-5.729902372641861,6.980645435354474,-5.495805739736556,-4.0018120911552,2.358194517163178,-5.925494795107841,-0.229899875335209,5.695594919772632,-5.505509972149134,4.643491981318648,-0.229899875335209
NFA_FastSittingDown_Lukas8,non_fall,fast_sitting_down,lukas,middle_cut_non_fall,0.014362917924420937,0.5921323099669714,-2.986200169333816,4.527980113756656,7.514180283090472,0.0042915597140789,0.591571584371222,4.527980113756656,0.02671778051729681,0.8983634125465633,-6.710566729667782,5.099456059387326,11.810022789055107,0.0072691142201423,0.8976458312794952,5.099456059387326,0.05541828756772775,0.820604425273885,-6.868812587296962,4.14921840480715,11.018030992104112,0.039539983227849,0.8214571579950082,4.14921840480715,0.5847379277913973,1.221597878664313,0.0132930474454498,9.480363006223635,9.467069958778186,0.2038961753108901,1.3529659420215165,9.480363006223635,-0.04732606498722135,0.3428011533070608,-2.6496598720550537,1.1076374053955078,3.7572972774505615,-0.003692528232932,0.34563100630395216,1.1076374053955078,0.10976991489345887,0.5544926471700602,-0.8263909220695496,5.066441059112549,5.892831981182098,0.0152737498283386,0.5645782467836187,5.066441059112549,-0.0991016181587951,0.4620586441614168,-3.0616133213043213,0.9853440523147584,4.04695737361908,-0.0074102515354752,0.47200587833284113,0.9853440523147584,0.31684737951246245,0.7496674065932667,0.0060115382246632,5.249175670740478,5.243164132515815,0.0696195951635438,0.8130184121166655,5.249175670740478,4.103479340321362,3.5745989726904326,-2.550700966379046,6.472133821123838,9.022834787502884,6.120977035197615,5.439172172024701,6.472133821123838,-6.437745152437191,1.6522787048563659,-9.439308387470245,-5.036153507778049,4.403154879692196,-5.605091459363699,6.645886946891997,-5.036153507778049,-4.410397888954434,1.7244562699350576,-6.051632280814648,-1.0322708448182791,5.019361435996369,-5.150440981215239,4.734762922784628,-1.0322708448182791
NFA_FastSittingDown_Lukas9,non_fall,fast_sitting_down,lukas,middle_cut_non_fall,0.028265136678365305,0.9260894342375595,-4.4585611250936985,7.818900312012434,12.277461437106133,0.01548164677023885,0.9254681910319588,7.818900312012434,0.050949343043254165,0.9121159924598023,-6.908564167448878,8.952574671840667,15.861138839289545,0.0103075320679694,0.9125023896476625,8.952574671840667,0.036463358073491076,0.9788590885589475,-10.615581533575057,10.61673070361018,21.232312237185237,0.037167993399500804,0.9784257987947959,10.61673070361018,0.5999600083775999,1.5138446032621273,0.0137445171195194,13.09263590580114,13.07889138868162,0.16592461906766043,1.6267971685099207,13.09263590580114,-0.08019323603551708,0.5677646170244183,-6.669374942779541,0.6576606035232544,7.327035546302795,0.01074565015733235,0.5727608459708304,0.6576606035232544,0.08712062702953434,0.5263948542493219,-1.1032860279083252,5.849471092224121,6.952757120132446,0.00395287282299245,0.5329650952251187,5.849471092224121,-0.10200286337110975,0.5268049885050178,-4.008938789367676,1.0177018642425537,5.0266406536102295,-0.00451978831551965,0.5360012545057067,1.0177018642425537,0.29763599067244156,0.9014787322579886,0.0028252920647966,7.303349105085866,7.300523813021069,0.06260368629488365,0.9483691919485959,7.303349105085866,5.567097399453724,3.640306345242638,0.5540024674560874,8.826498560932277,8.27249609347619,8.193162079194188,6.649382373281817,8.826498560932277,-4.82998840448361,3.659601205719562,-9.774106743791698,-1.760233602516353,8.013873141275345,-2.1445221851285545,6.057312197750821,-1.760233602516353,-3.391225521510142,1.9424821825452652,-6.460779483416676,-0.5688944777701049,5.8918850056465715,-4.558615928908438,3.907054136884224,-0.5688944777701049
NFA_FastSittingDown_Polina1,non_fall,fast_sitting_down,polina,middle_cut_non_fall,-0.08595661954001006,1.2500848574665673,-10.838939038062096,10.519711760360002,21.358650798422097,-0.0113315413534641,1.2522059932632723,10.519711760360002,-0.04620933856215966,1.2100884735488857,-21.47063934726715,8.295978895068169,29.76661824233532,0.0146619278851896,1.2101651117622543,8.295978895068169,0.0007969484592947888,0.8784266308823113,-4.970605807590484,7.021455802613496,11.99206161020398,-0.0002349412670359,0.8778419598509544,7.021455802613496,0.8228410367365182,1.76924465807805,0.0063159800982383,23.723186649475505,23.716870669377265,0.2424871601517044,1.9501604943609059,23.723186649475505,0.03449361051740336,0.4232349344409597,-3.0904300212860107,2.6220743656158447,5.7125043869018555,-0.0001429836265742,0.4243572785325282,2.6220743656158447,-0.15331014974592141,0.9332472623457245,-7.615023136138916,4.505186080932617,12.120209217071533,-0.0020939987152814,0.9451427054764303,4.505186080932617,0.12537361510295159,0.8291930801468849,-3.609137535095215,5.167073726654053,8.776211261749268,-0.0012398832477629,0.8380717033833865,5.167073726654053,0.5667115082496516,1.2068618457642504,0.0014966411482386,8.284710362269486,8.283213721121248,0.1394901985534458,1.3325682022210985,8.284710362269486,-6.104944753873186,4.189531606655706,-9.77872738932967,-0.2207043596297502,9.558023029699921,-8.535356390985847,7.40264505384508,-0.2207043596297502,-3.00767076564274,4.556814534537713,-9.797403448227048,4.902203594754636,14.699607042981683,-0.7912894208353012,5.4573796756340345,4.902203594754636,-0.02034987254502861,3.4063583636077883,-5.338726587799191,9.290988296049832,14.629714883849022,-0.434653874704428,3.4041505523129647,9.290988296049832
NFA_FastSittingDown_Polina10,non_fall,fast_sitting_down,polina,middle_cut_non_fall,0.04509638697249285,1.4523273889402617,-15.071701695257424,16.371050601410865,31.44275229666829,0.00506254408657545,1.451533154371415,16.371050601410865,0.051791188440799184,1.0806253144858733,-11.631957547712323,15.144454796779154,26.776412344491476,0.0022935908298939,1.0807546518649578,15.144454796779154,0.021311736991274307,1.2519191863518453,-10.558341643005608,20.954670184803007,31.513011827808615,-0.0073565367752686,1.2508121117005486,20.954670184803007,0.6459611545785175,2.1050801102768264,0.0039198753123844,23.8575237200706,23.853603844758215,0.08505490897404674,2.1998886459418716,23.8575237200706,-0.0009030182055416064,0.25495907204157564,-1.1797164678573608,2.605783700942993,3.785500168800354,-0.0007618232630192501,0.2546982342057559,2.605783700942993,-0.06644334335267206,0.675490164730781,-10.331607818603516,2.12759017944336,12.459197998046875,0.000665346160531,0.6780581232172039,2.12759017944336,0.0935268053457279,0.5628785938363766,-0.3289658427238464,7.515434741973877,7.844400584697723,0.00081468769349155,0.5700242594672458,7.515434741973877,0.2635168662611783,0.8841544109919142,0.0002910773029625,10.408257193838786,10.407966116535823,0.0416690004849756,0.9217166947330122,10.408257193838786,-7.67213905988958,0.6679785045528913,-9.3258117721498,-6.740946085840463,2.584865686309337,-8.124675695206225,7.70110348843196,-6.740946085840463,-1.9666490931606744,4.251978772548034,-7.085500112500786,2.2089747104905544,9.29447482299134,1.682995318404585,4.680793937330524,2.2089747104905544,3.149391364558721,2.2461688698950146,-0.3043106078708544,6.18644874753952,6.490759355410374,4.794047317548841,3.866983234486799,6.18644874753952
NFA_FastSittingDown_Polina2,non_fall,fast_sitting_down,polina,middle_cut_non_fall,0.0262965626940011,1.7626591238218605,-21.00415346989632,15.613124447929858,36.61727791782618,0.01011544356197115,1.7610776954054024,15.613124447929858,0.035078272697635214,0.877970595080593,-8.207287635180354,12.007807460868358,20.215095096048714,-0.010022869907692,0.8777862800989054,12.007807460868358,0.02732169331359093,1.168344925748267,-8.889178596729039,14.876010780853033,23.76518937758207,0.01026888055801385,1.1674863014637336,14.876010780853033,0.7237350457045816,2.1727063067656553,0.0058398365085165,24.23946223491948,24.23362239841096,0.1637327600623225,2.287996430698646,24.23946223491948,0.011727961912965249,0.2683082348766679,-1.3138223886489868,3.506119728088379,4.819942116737366,0.00044784718193105,0.26829408166706614,3.506119728088379,-0.03344325653292359,0.6278669485567404,-9.418622970581056,1.9119478464126587,11.330570816993715,0.019789811223745297,0.6281246407761129,1.9119478464126587,0.07644918164324707,0.47872746893733503,-0.4064699411392212,5.779901504516602,6.186371445655823,-4.5620603486850004e-05,0.4843164362878831,5.779901504516602,0.27380708321504316,0.7920727540846311,0.0025896918258212,9.557766330388002,9.55517663856218,0.0817807436970226,0.8373080013151016,9.557766330388002,-8.033349189087051,0.3297053452302331,-9.136599698370697,-7.364813897487521,1.7717858008831762,-8.10394621091038,8.040098609092631,-7.364813897487521,-0.011120570105723393,3.312673356950299,-6.3184431425809855,2.775932155783474,9.09437529836446,1.6606814144615083,3.3093509681714055,2.775932155783474,4.224962596860462,1.6524508624479246,-0.0899372504940722,6.220497732135653,6.310434982629726,5.145338689640164,4.536011195768023,6.220497732135653
NFA_FastSittingDown_Polina3,non_fall,fast_sitting_down,polina,middle_cut_non_fall,0.023074595613110583,1.3759700976368092,-20.513526838481425,12.826993846476077,33.340520684957504,0.0024213819280266002,1.3749213246155645,12.826993846476077,0.04201724433408701,1.0643108633827185,-13.779365882736444,10.950483350270986,24.729849233007428,0.0036348493710159496,1.0641796718139833,10.950483350270986,0.022643246550390683,0.9913364640818959,-9.20514541133046,11.86319323822856,21.068338649559017,0.00036313422396775004,0.9907001505513058,11.86319323822856,0.5581522486417806,1.9234130363032984,0.0027393517108924,24.7161801630416,24.713440811330706,0.073238002824399,2.001093154025348,24.7161801630416,0.002793835903457379,0.2620801445681396,-1.978358507156372,2.2533106803894043,4.231669187545776,0.00016940338537094999,0.2618584078133154,2.2533106803894043,-0.04099287455758611,0.5835669593320463,-7.901019096374512,1.8865621089935305,9.787581205368042,-0.0015090468805282501,0.5844793408516366,1.8865621089935305,0.11175923522465966,0.6481321062678025,-0.6187712550163269,8.056585311889648,8.675356566905975,0.0008016710635274,0.6571203050434004,8.056585311889648,0.2836392831098297,0.8734522814144645,0.0003249992861819,8.768309672617502,8.76798467333132,0.0384393626611523,0.917601776875579,8.768309672617502,-7.4037440207513505,2.3881459880842044,-9.575025017905237,-3.65117799000442,5.923847027900816,-9.031428136064111,7.778712755070676,-3.65117799000442,-2.418050338061712,4.456418257005606,-8.947391131722927,1.2242702112283557,10.171661342951284,0.7316112337356433,5.066634321755944,1.2242702112283557,2.9644844060605657,1.0978334947902333,0.0142031661083979,5.3342076490700245,5.320004482961626,3.723338386330008,3.160890800947411,5.3342076490700245
NFA_FastSittingDown_Polina4,non_fall,fast_sitting_down,polina,middle_cut_non_fall,-0.033136786085047554,2.767158378774907,-26.46751123049259,15.059640670585631,41.52715190107822,-0.0294032046169042,2.763500386832704,15.059640670585631,0.07412343646518854,1.7273126100049683,-20.331144318461416,8.970444675052166,29.301588993513583,0.0265763106279075,1.726497103486291,8.970444675052166,0.029561742797756706,1.2181770392896343,-11.688511209583282,6.572457651138305,18.260968860721587,0.0282943665921688,1.2168383686708344,6.572457651138305,1.040224030786816,3.323722034460181,0.0189324833329251,34.80896066500174,34.790028181668816,0.132812815926705,3.478278633439327,34.80896066500174,-0.0316994228143463,0.2980343044095784,-1.9717609882354736,1.2353159189224243,3.207076907157898,0.0002812198363244,0.29930231899339804,1.2353159189224243,0.021162159129987597,0.9756451083793269,-6.291794776916504,9.222238540649414,15.514033317565918,0.0019530835561454,0.9745151249479617,9.222238540649414,0.17356205430636726,0.9498471182186368,-1.3855078220367432,8.087591171264648,9.473098993301392,-0.000294741243124,0.9642718580178632,8.087591171264648,0.4838177778343346,1.3190331897760894,0.0003433756396609,11.067648886049216,11.067305510409556,0.0639378140142794,1.4032397596534918,11.067648886049216,-8.161658194084652,2.3869077812702475,-9.79622329853177,-3.3224525238558646,6.473770774675905,-9.49150034700036,8.502595088372843,-3.3224525238558646,-1.7782814082756537,3.990578865621232,-9.164204913654922,1.5054615535899996,10.669666467244921,0.4342078845025971,4.3637880217894836,1.5054615535899996,-1.6661582077879065,1.4364131036767482,-4.324468004207313,1.130899122961238,5.455367127168551,-2.32978559434712,2.1985491744531216,1.130899122961238
NFA_FastSittingDown_Polina5,non_fall,fast_sitting_down,polina,middle_cut_non_fall,0.027097432768344868,1.759047019311393,-17.085609906852245,13.399680336940287,30.485290243792534,0.0110839963331818,1.7567412965387912,13.399680336940287,0.07063810940301841,1.5806608574045355,-21.606196987748145,10.405535930603742,32.01173291835189,0.0041607683746842,1.579980996517431,10.405535930603742,0.041384430360317206,0.8251365529395073,-8.055791836333274,4.71934089000225,12.775132726335524,0.019775398441404052,0.8249955850870652,4.71934089000225,0.8406069320579427,2.360592885878741,0.0047492336073974,27.55335939703944,27.54861016343204,0.12336923642653475,2.502618158595945,27.55335939703944,0.02364204275288752,0.4119500777790581,-0.861506462097168,4.945229530334473,5.806735992431641,-0.000213619088754,0.4120399828106605,4.945229530334473,-0.05207365512049624,0.4664503137733483,-3.338566303253174,1.180450439453125,4.519016742706299,0.0037199200596660003,0.46868530525497726,1.180450439453125,0.17915938407448787,0.8510665559834477,-0.4305827915668487,7.148211479187012,7.5787942707538605,0.00119471806101495,0.8685291579655202,7.148211479187012,0.3636293257714253,1.0072030210876686,0.0018583107498173,7.926807161593548,7.92494885084373,0.06722607833064906,1.069479200841632,7.926807161593548,-7.381783458088457,2.8970825942143867,-9.409714044195413,-2.5142139409810302,6.895500103214383,-9.263184635584057,7.9284194092923395,-2.5142139409810302,-2.680610310000033,4.246324169116261,-9.335493792730569,0.4284237481432035,9.763917540873772,0.1139642876311205,5.01651499270319,0.4284237481432035,2.6938746283551134,0.9437766930853388,-0.0757231577079277,4.495642024731636,4.571365182439564,3.117570733388513,2.853967424706908,4.495642024731636
NFA_FastSittingDown_Polina6,non_fall,fast_sitting_down,polina,middle_cut_non_fall,0.08709350717278853,2.653221013648593,-29.02539304828644,15.612930386662482,44.63832343494892,-0.027930209454894,2.650912525625722,15.612930386662482,0.13812472323727282,2.344005512100536,-24.231289470505715,20.75013194707632,44.981421417582034,0.0164046068340539,2.344773593402847,20.75013194707632,0.024070553891283642,1.3020574174124677,-14.382972412121296,7.742394579958916,22.12536699208021,0.0139791332527995,1.3004450261699299,7.742394579958916,1.1807130452355439,3.585888424133111,0.0093550959523038,38.66560506763848,38.65624997168618,0.1683820253216612,3.7704718125095105,38.66560506763848,-0.04787725216682844,0.354430603909321,-2.141951560974121,2.3098292350769043,4.451780796051025,0.0002658837474882,0.357154619375811,2.3098292350769043,0.037231971936064284,1.086576082271497,-1.7430005073547363,12.608405113220217,14.351405620574953,-0.0034040180034935,1.0856832109139907,12.608405113220217,0.19651944039743657,1.2022736150889635,-2.1040806770324707,10.0504150390625,12.15449571609497,0.0014419169165194,1.2165566211585244,10.0504150390625,0.4988108101943534,1.5951906549491752,0.0010257499897636,14.460067753015617,14.459042003025854,0.0914826254485375,1.6692146264296388,14.460067753015617,-6.988381530085078,2.715096228769305,-9.45369756282866,-2.3449619745604693,7.108735588268191,-8.709550343853234,7.495896107571622,-2.3449619745604693,-2.4529092508191677,4.441677960641784,-9.464654425650837,2.019799607720971,11.484454033371808,0.358437298323214,5.068500138168998,2.019799607720971,-2.903135191366211,2.4249965474415003,-6.741743958219885,1.1033276638161391,7.845071622036024,-3.9936896971821785,3.780507518941839,1.1033276638161391
NFA_FastSittingDown_Polina7,non_fall,fast_sitting_down,polina,middle_cut_non_fall,0.020128003680164173,2.155345610107724,-16.088991901630163,14.411418754404782,30.500410656034944,-0.025229718324542,2.152638744331548,14.411418754404782,0.04007530108967286,2.053018846428606,-23.0419581053853,18.89607410569787,41.93803221108317,0.0088131287917494,2.0507424647447707,18.89607410569787,-0.0020674910257790424,1.132937817315739,-12.115371179008482,4.919926590710878,17.03529776971936,-0.0040744098320603,1.1314674017663544,4.919926590710878,0.9400563805312607,3.0430186581380276,0.0113010521377429,30.213907530933884,30.20260647879614,0.0785959801701132,3.1811344991315074,30.213907530933884,-0.017581490960649475,0.272448817195503,-2.07965087890625,1.4731427431106567,3.5527936220169067,0.0002702339552342,0.2726621827202677,1.4731427431106567,0.026490725346465967,0.8129939735637505,-3.7140841484069824,7.444511890411377,11.15859603881836,0.0009806877933442,0.8123694864005978,7.444511890411377,0.15753370925796206,0.9130495921018587,-1.2508103847503662,7.471322536468506,8.722132921218872,0.0003384402953088,0.9253707784934566,7.471322536468506,0.4065355867836554,1.1954248350646552,0.0005087046564666,9.214333297106975,9.213824592450509,0.0354112447692197,1.2611898849935874,9.214333297106975,-7.505542035656923,2.391576041822499,-9.76257763403952,-3.759186237041652,6.003391396997868,-9.115693103942274,7.876416762432257,-3.759186237041652,-2.5099958650952057,4.387414321856183,-9.03604907386303,1.279071987930685,10.315121061793715,0.5094570771563798,5.049701498242705,1.279071987930685,-2.2360687740381944,1.9085127462978408,-5.350889903801679,0.9125435184147208,6.2634334222164,-3.540241872821748,2.938190536962551,0.9125435184147208
NFA_FastSittingDown_Polina8,non_fall,fast_sitting_down,polina,middle_cut_non_fall,0.012755485796227171,2.175704039108188,-22.13929965584278,19.55214731990099,41.69144697574377,0.0055021045476198,2.1726921405880746,19.55214731990099,0.04779103778642144,1.4305323223343425,-13.020399280291794,15.186303056949376,28.20670233724117,-0.0006425356872379,1.4293265659025205,15.186303056949376,0.05200854695808944,1.4805863602887044,-8.55174346216321,17.433882077252864,25.985625539416073,-0.0015989596292376,1.479425706934324,17.433882077252864,0.9508233988607303,2.840916781966873,0.0051480526358923,26.294517819568657,26.289369766932765,0.1134085184076869,2.992033755174899,26.294517819568657,-0.015391455124541903,0.3491258107772858,-1.8229302167892456,2.435563087463379,4.2584933042526245,-0.0020017102360725,0.3489760784677452,2.435563087463379,-0.07180151523283947,0.9275543357647599,-10.714597702026367,1.9006659984588623,12.61526370048523,0.0052931499667465,0.9290331208692304,1.9006659984588623,0.10588151304226066,0.6613754023336696,-1.2858635187149048,7.416766166687012,8.702629685401917,-1.59963965415e-05,0.6688819467803815,7.416766166687012,0.3886810223403071,1.1334971939417693,0.0012007812972746,10.718551544470865,10.71735076317359,0.0629480237913439,1.1967831473343284,10.718551544470865,-8.277620039990895,0.45073438777934444,-9.613050504916906,-7.439841373682022,2.1732091312348842,-8.489961836510895,8.289848366223982,-7.439841373682022,-0.5450259033328547,3.492112421747159,-6.330186771866678,2.302006922192126,8.632193694058804,1.6613180318646132,3.5295528272095487,2.302006922192126,3.384112162171584,1.883821408055701,-2.0117652082167563,5.605819773638248,7.617584981855004,4.550191653303802,3.8718287222843655,5.605819773638248
NFA_FastSittingDown_Polina9,non_fall,fast_sitting_down,polina,middle_cut_non_fall,0.030600386942822775,1.5782308481833454,-17.541804691833256,14.268277526926994,31.81008221876025,0.0018725158736109001,1.576629780108727,14.268277526926994,0.046205269474736764,1.3463902441796938,-11.60248127785921,15.084735364353657,26.687216642212867,0.0022547931894659496,1.345564567129656,15.084735364353657,0.025650322220816556,1.0088162814009742,-7.717073091697692,10.241709642493724,17.958782734191416,0.00283463890403505,1.0079294666216925,10.241709642493724,0.7502050629888518,2.1819404267000007,0.0022019705379031,20.6653581416172,20.663156171079297,0.058413850160552006,2.304826951752518,20.6653581416172,-0.0017334870588876132,0.26480825866902213,-1.1363738775253296,1.9002429246902464,3.036616802215576,-0.0007428848184644499,0.2644954686530618,1.9002429246902464,-0.05403494389723234,0.6262411709513137,-7.897125244140625,1.1753307580947876,9.072456002235413,0.0023058210499584,0.6278176835431155,1.1753307580947876,0.1202763673393817,0.712944380550209,-1.1453299522399902,7.63688325881958,8.78221321105957,0.00046254857443265,0.7221732784330326,7.63688325881958,0.30752410105653827,0.9451048827023724,0.0007860406328461,7.899669542032861,7.8988835014000145,0.0311420691212951,0.9927976333524172,7.899669542032861,-8.081163457182242,1.1872264853231025,-9.589142975106837,-6.260256326550245,3.328886648556592,-8.90485342798382,8.167699878902548,-6.260256326550245,-1.3576065952684575,4.264242810681999,-7.5031550312072035,2.181536083944887,9.684691115152091,1.6771720190785824,4.470251831631953,2.181536083944887,2.70151042415251,1.4774992625393673,-1.073891652908176,4.566885598473251,5.640777251381427,3.70447630334124,3.0782974249850543,4.566885598473251
NFA_LyingDown_Lukas1,non_fall,lying_down,lukas,middle_cut_non_fall,0.008604720313815976,0.9536950043746646,-4.482265825808048,8.55742969110608,13.039695516914128,-0.0024298574954271,0.952754205430839,8.55742969110608,0.02017288067792398,0.959034699855503,-6.281634630143642,3.821563198238611,10.103197828382253,0.0100277652785181,0.9582619172048599,3.821563198238611,-0.01309671321775059,0.975165432175209,-3.749108202880621,6.158961021155118,9.908069224035739,-0.0252466694593429,0.9742517536493798,6.158961021155118,1.0732637886747385,1.2753893033548718,0.0051331494972163,9.933218761410515,9.928085611913298,0.6016953669017806,1.6658850372760345,9.933218761410515,-0.02232328542289219,0.5809822094089714,-2.372786521911621,2.4041616916656494,4.7769482135772705,-7.64798605814e-05,0.5808145620014991,2.4041616916656494,0.06975031004849538,0.5756057134246558,-2.8499743938446045,3.102635383605957,5.9526097774505615,0.0074691474437713,0.5792294109925612,3.102635383605957,-0.13970849463164908,0.6852931725686389,-2.506075143814087,1.864808201789856,4.370883345603943,-0.0016385141061618,0.6986994131257557,1.864808201789856,0.6867263627380337,0.8311790658559369,0.0023550400303428,3.5936158523443544,3.5912608123140117,0.2604233154332601,1.0775124759806998,3.5936158523443544,6.785580344588996,4.064522412149649,-1.8624701342843475,9.424824519565702,11.287294653850049,8.910051288887859,7.907624192975211,9.424824519565702,-4.246519220854695,3.532808289451605,-9.766582193505764,4.721521448911727,14.488103642417492,-3.6870468835040926,5.521596880587172,4.721521448911727,-1.568373956187259,0.8327443442310892,-3.196388687907159,0.784634785251692,3.981023473158851,-1.7502315562009811,1.7753411109802868,0.784634785251692
NFA_LyingDown_Lukas10,non_fall,lying_down,lukas,middle_cut_non_fall,0.01723995430172943,0.6029921218275993,-3.2612954598426818,3.005856471440196,6.267151931282878,0.01697042402327055,0.6027474872747592,3.005856471440196,0.029608625371658533,0.5120261176505718,-2.0249720419228074,3.367572645303607,5.3925446872264144,0.0049777153473347,0.5124650501921304,3.367572645303607,0.023851273213228767,0.4059907604534005,-2.136172362999618,1.6658733570814133,3.8020457200810314,0.01307867728173725,0.4063605916986064,1.6658733570814133,0.49857014714102477,0.7371340868118959,0.0033261179259185,4.2220999349903785,4.21877381706446,0.08633160970304675,0.8894121044656972,4.2220999349903785,-0.02988286660094928,0.23351245395853368,-0.8051181435585022,1.5767301321029663,2.3818482756614685,-0.00087608571629965,0.23522806793555617,1.5767301321029663,0.03537174034730989,0.28915724806456566,-1.2192870378494265,2.030247211456299,3.249534249305725,0.0036490673664957,0.29107885249119975,2.030247211456299,-0.10192269996337211,0.6218125999752,-2.558339357376098,1.6057779788970947,4.164117336273193,-0.0005246888613328,0.6296105317158023,1.6057779788970947,0.37184320776139723,0.6315463458187038,0.0011018314898402,2.6098959561460853,2.608794124656245,0.027608510854721498,0.732440143602017,2.6098959561460853,8.4720739634942,2.1026241866284887,3.8715523870274415,9.746026896733046,5.874474509705604,9.726589498074352,8.728680618570607,9.746026896733046,0.07053765607419195,4.2712786656835435,-8.997631957185268,8.767595705586672,17.76522766277194,0.4882746797275729,4.268381887391688,8.767595705586672,-1.0870668835043673,0.762017683027484,-3.3657723178833723,0.473485819260776,3.839258137144148,-1.0854515961900353,1.3271923900852096,0.473485819260776
NFA_LyingDown_Lukas2,non_fall,lying_down,lukas,middle_cut_non_fall,0.014019520062115032,0.9660781404222595,-6.161901750782132,7.615505399101971,13.777407149884102,0.0186781047239899,0.9654775862292558,7.615505399101971,-0.002559561458435784,0.8371751658166309,-5.704665932315588,3.802767312353849,9.507433244669436,0.01381298290565605,0.8365704480031212,3.802767312353849,-0.004818283815938581,0.9467266234867986,-11.752654303669928,6.500932045584917,18.253586349254846,-0.010173530424758749,0.9460506151869683,6.500932045584917,0.9471644776592303,1.2775996144315953,0.0066562008317191,12.288081491167624,12.281425290335905,0.5574683377694113,1.5896568341874464,12.288081491167624,-0.05559554539759966,0.4804474637787725,-5.184114933013916,1.2848126888275146,6.468927621841431,-0.00128007197054095,0.48330644702868897,1.2848126888275146,0.024874274160961354,0.4334277813001636,-1.4473609924316406,2.672610282897949,4.11997127532959,0.00169433315750205,0.43382637000666735,2.672610282897949,-0.08737688996248032,0.5715432079035273,-2.9115514755249023,2.1855828762054443,5.097134351730347,0.00048675248399369995,0.5777729316150079,2.1855828762054443,0.5009258709182851,0.7109288961248682,0.0011816823131862,5.600783615865449,5.599601933552263,0.2330174281730561,0.8692594558356309,5.600783615865449,7.332927773658981,2.3494081660429456,2.3887186987005173,9.52775239459872,7.139033695898203,9.1602135059312,7.699579574066125,9.52775239459872,1.2243185743480824,5.582235793310278,-8.437131579077244,9.298521029642224,17.73565260871947,2.530447867423296,5.710956115603267,9.298521029642224,-1.6461399246885617,1.250735892710854,-4.2877711354509,1.3647149661637843,5.652486101614684,-1.9455146935220808,2.0668437712056567,1.3647149661637843
NFA_LyingDown_Lukas3,non_fall,lying_down,lukas,middle_cut_non_fall,0.004667074547615034,0.8172083529905877,-4.217339462614059,4.571083926945924,8.788423389559984,0.0138356331288814,0.8165995288616494,4.571083926945924,-0.006402699934826219,0.5070496448239722,-2.6701357395768164,2.406928455260396,5.077064194837212,0.0058665539458394,0.5067040691396699,2.406928455260396,0.043862786671188404,0.5078658122149482,-2.6913281652092933,2.4615432580232617,5.152871423232555,0.0207961197912693,0.5093712234496484,2.4615432580232617,0.6233760187194799,0.8919956453233716,0.0027652423251688,5.047426666630899,5.04466142430573,0.1775588143785212,1.0876777314528228,5.047426666630899,-0.028395686584685702,0.3033088661304295,-1.4295381307601929,1.815178751945496,3.244716882705689,-0.0026567156892269,0.30440525377938443,1.815178751945496,0.033356189498939384,0.35020466528533134,-1.2937813997268677,1.9339492321014404,3.227730631828308,0.0027788719162344,0.3515242114911198,1.9339492321014404,-0.07376438628171983,0.6745013115355892,-1.981956124305725,3.4653282165527344,5.4472843408584595,-0.0025915147271007,0.6780123414214997,3.4653282165527344,0.4211160227632036,0.7066497802314795,0.0030256600611103,3.8530928801378126,3.8500672200767023,0.092612764201274,0.8221511812998927,3.8530928801378126,7.698493625265009,2.336901336477203,4.349615012684464,9.7863939784348,5.436778965750336,9.500981292051076,8.04484926932486,9.7863939784348,-1.4404039201246033,5.318124682022132,-8.784199049863219,8.050835675230621,16.83503472509384,-0.959698068299517,5.505830156964352,8.050835675230621,-0.7793630004628552,0.7280267846007396,-2.4065137369796634,-0.0487351199073949,2.3577786170722685,-0.3392033498147502,1.0661252053451575,-0.0487351199073949
NFA_LyingDown_Lukas4,non_fall,lying_down,lukas,middle_cut_non_fall,0.009208346123304617,0.712694300762434,-2.729798473379016,5.6076312069743866,8.337429680353402,0.01294219142049545,0.7123577681142812,5.6076312069743866,0.011831759294969017,0.5830104159005323,-4.539475613500177,2.663453777594864,7.202929391095042,0.007778013590350699,0.5828065439213795,2.663453777594864,0.03550486648955376,0.47911834394755126,-5.440845484536886,2.457147653412819,7.897993137949705,0.01282154244920235,0.4801665571662833,2.457147653412819,0.5833706782305252,0.8591715935688704,0.002950028928878,7.851228804217447,7.848278775288569,0.12256668316074071,1.038112219392135,7.851228804217447,-0.00032882477344375833,0.2476131910660125,-0.8392696976661682,1.4549602270126345,2.2942299246788025,-0.00082198382006025,0.2474758084062019,1.4549602270126345,0.01872177784195324,0.2823488697512951,-2.0000014305114746,1.4655916690826416,3.465593099594116,0.0065690928604453,0.2828123237327533,1.4655916690826416,-0.061774477935137434,0.5298867719630802,-1.9183858633041384,2.8331329822540283,4.7515188455581665,-0.00324949587229635,0.5331829887174961,2.8331329822540283,0.36184257558017313,0.5430550732799689,0.0016375594131874,2.969123042506775,2.9674854830935877,0.08564024059073565,0.6523121842025829,2.969123042506775,8.409376609934347,2.0217605771456215,4.490589417517185,9.792743639722469,5.302154222205283,9.74110317659527,8.648733382105965,9.792743639722469,-1.1602210777124369,4.318297932120908,-8.651457051324844,8.66119752409458,17.312654575419423,-0.6451607750445604,4.4691263482207155,8.66119752409458,-0.8246535086298258,0.8470257365109313,-2.837387325960397,0.8355013413969427,3.6728886673573395,-0.5636054862502031,1.1818243685309961,0.8355013413969427
NFA_LyingDown_Lukas5,non_fall,lying_down,lukas,middle_cut_non_fall,0.01504541169505894,0.8042366395060583,-2.7578590312153097,7.295954880794882,10.053813912010192,0.0067138184249401,0.8037459533351654,7.295954880794882,0.029452777630466297,0.6202583856859276,-3.148440357296169,4.681414187189937,7.829854544486105,0.012539309708029,0.6204707683282918,4.681414187189937,0.028815095619841948,0.4936287098118384,-2.74140035610646,1.9856233434833583,4.727023699589818,0.0145604402720928,0.49408206454748843,1.9856233434833583,0.6448851021553244,0.9276760300941083,0.0032166166995479,8.08167604375663,8.078459427057082,0.2444971899713726,1.129207075057566,8.08167604375663,-0.011849945545868344,0.30980432906505023,-1.0511932373046875,1.501682996749878,2.5528762340545654,-0.0005184331675991,0.30978778297963316,1.501682996749878,0.04903775502692212,0.40808852536503826,-1.604108810424805,2.5690956115722656,4.17320442199707,0.0040309252217411,0.4107061085231461,2.5690956115722656,-0.10689866321444295,0.5856542917554378,-2.264511823654175,2.2842884063720703,4.548800230026245,-0.0030825925059616,0.5948779928003884,2.2842884063720703,0.46086706086690926,0.6377836033942185,0.0016265820163081,2.9245052249640926,2.9228786429477847,0.1575983643915274,0.7864653866381417,2.9245052249640926,6.930144859402355,4.248873714473966,-0.8136891033656894,9.682935357525944,10.496624460891633,9.43109059422314,8.127207089018132,9.682935357525944,-3.773402307471182,3.717100056668936,-9.783564307966827,4.557095733603835,14.340660041570661,-2.185443028255552,5.294686707437439,4.557095733603835,-1.2576456766632527,0.7101447463269112,-2.797354006257653,-0.0602040924035944,2.7371499138540587,-1.3577956882946192,1.4440174930682428,-0.0602040924035944
NFA_LyingDown_Lukas6,non_fall,lying_down,lukas,middle_cut_non_fall,0.019494279809273974,0.9127448990090301,-3.3549095630854366,4.100897441491484,7.45580700457692,0.0140045599550008,0.9121045765475594,4.100897441491484,0.03103824692906596,0.7784084830416896,-3.386482512956857,4.091677485464513,7.47815999842137,0.0276025118704885,0.7783038573234765,4.091677485464513,0.004515127657310943,0.7881176961194425,-5.848534305024146,4.519895006978512,10.368429312002657,0.01122391626052555,0.7873978495713998,4.519895006978512,0.9882870680173759,1.0406674241604479,0.0113305625852806,7.151627033142921,7.14029647055764,0.7130327378382352,1.4344640205990773,7.151627033142921,-0.029629849234260923,0.41951198874632506,-2.476716995239258,2.0049633979797363,4.481680393218994,-0.0014154757373034,0.42016796300365244,2.0049633979797363,0.013790037317117539,0.4373059632280487,-1.3047088384628296,2.471637725830078,3.7763465642929077,-0.00379364250693465,0.4371169321993877,2.471637725830078,-0.09547308352182976,0.6594159071930142,-2.130979537963867,2.1251749992370605,4.256154537200928,-0.00012732198229055002,0.6656847717687906,2.1251749992370605,0.5847462888105887,0.6853417823390878,0.0021532968275761,3.008421956541328,3.006268659713752,0.31401131930044257,0.9004157622536988,3.008421956541328,7.9252887310111415,1.8721561865643603,3.77579747236371,9.781558813363311,6.005761340999602,8.21288238644749,8.143012676209699,9.781558813363311,1.5547034153805355,5.0517046494157585,-8.967117576456069,8.856637678608298,17.823755255064366,-0.7738471780491992,5.281040442108348,8.856637678608298,-1.1261132463544383,0.8399560490800785,-2.203265392933041,2.077679403629154,4.280944796562195,-1.5479352521821856,1.4044023002966408,2.077679403629154
NFA_LyingDown_Lukas7,non_fall,lying_down,lukas,middle_cut_non_fall,0.016412168636830288,0.8415075005314917,-2.9834710366308688,7.502111659634113,10.48558269626498,-0.002012216605246,0.8410926437450396,7.502111659634113,0.012877611932906572,0.6880162356895767,-3.316094387000799,4.378702283219993,7.694796670220792,0.013961889857053749,0.6876667057033508,4.378702283219993,0.01840201044522104,0.7231934594984656,-4.82909773427248,3.4222809715688225,8.251378705841303,0.00488715098705135,0.7229335522585196,3.4222809715688225,0.6727269612321596,1.1189746266074367,0.0041261479685887,8.195741716259136,8.191615568290548,0.10882854414051675,1.3049732773034246,8.195741716259136,0.010529043576285712,0.3414137018643168,-1.2292845249176023,1.4851984977722168,2.7144830226898193,0.00100087537430225,0.3413428438928237,1.4851984977722168,0.06372255294362994,0.4233632398671241,-2.251562595367432,3.289280891418457,5.540843486785889,0.00346971279941495,0.42784592800398485,3.289280891418457,-0.08976288156519018,0.5460424509535738,-1.902326941490173,4.122231960296631,6.024558901786804,-0.0039022949058562,0.5530030809355919,4.122231960296631,0.4378397735018462,0.6436161273918211,0.0007257353968821,4.182872512042671,4.182146776645789,0.0519318299772205,0.7780613617901151,4.182872512042671,6.391219187235689,4.310764811452952,-2.0506990422450007,9.780039640972015,11.830738683217016,8.896603486032785,7.707463251029677,9.780039640972015,-5.452507425990152,2.5026575191762075,-9.798578337225315,-0.6811966226089745,9.117381714616341,-4.08497258099839,5.998714485229261,-0.6811966226089745,0.06708192790868163,0.8816938951678498,-2.3172920234769583,3.0908360173285008,5.408128040805459,0.3635261458948254,0.8836413920011564,3.0908360173285008
NFA_LyingDown_Lukas8,non_fall,lying_down,lukas,middle_cut_non_fall,0.016237159766506946,0.9437513239968051,-6.998815516260266,2.9016309578120705,9.900446474072336,0.0196025260925292,0.9429216949424037,2.9016309578120705,0.0463914792875501,0.7747860733508014,-4.045015687532723,5.716796515092254,9.761812202624977,0.0375473481059074,0.775379257762596,5.716796515092254,0.052496789477208185,0.697498268513529,-3.418134373283386,6.307894860559702,9.726029233843088,0.0406084161769598,0.698756585875905,6.307894860559702,0.85509764349575,1.1180115090877893,0.0127963322493045,9.047936959821648,9.035140627572343,0.3861612216499779,1.4066183144216773,9.047936959821648,-0.015798721560855537,0.44890220959355187,-3.6128997802734375,2.2362043857574463,5.849104166030884,-0.0027841439004987,0.44871929821301276,2.2362043857574463,0.08033692205309949,0.48024292957131876,-1.6012213230133057,2.3843727111816406,3.9855940341949463,0.0119253098964691,0.48642955588190845,2.3843727111816406,-0.11007391767996101,0.7041769627282581,-2.1486053466796875,2.699957609176636,4.848562955856323,-0.0114426631480455,0.712013524102676,2.699957609176636,0.6287804042536942,0.7420862264477113,0.0043753502902798,4.293542218031918,4.289166867741638,0.2565471539968381,0.9720730321994132,4.293542218031918,5.739663584751975,4.8296769706364975,-2.1668756904296576,9.738785255041718,11.905660945471375,8.867876865503192,7.498107816556929,9.738785255041718,-5.344407597903785,3.152398469302358,-9.739554485848544,2.5771982204213737,12.316752706269916,-4.105364650033414,6.203217141066909,2.5771982204213737,-0.001495217664939931,1.2132124675012819,-3.3113287800341844,1.6173998335525392,4.928728613586724,0.511338689651899,1.2119671517378712,1.6173998335525392
NFA_LyingDown_Lukas9,non_fall,lying_down,lukas,middle_cut_non_fall,0.04225610986082038,0.8294876172383104,-4.417587309670448,5.076771349370479,9.494358659040927,0.01599288422800595,0.8299861441446167,5.076771349370479,0.051016270706649665,0.6346956906857618,-3.796151109084487,5.0043970180332655,8.800548127117752,0.03697999654673035,0.63630199047181,5.0043970180332655,0.016589429513347968,0.6539639385900102,-4.004558297199011,2.6698563381135463,6.674414635312557,0.0032557914921314997,0.6537189022084299,2.6698563381135463,0.6725097895765126,1.034566051341315,0.0109531323571284,5.714769550654414,5.7038164182972855,0.12450156402044321,1.2333311094977824,5.714769550654414,-0.031598254439403485,0.3662221001443485,-1.6486830711364746,2.556375503540039,4.205058574676514,-0.0013872006093151,0.36732857440327005,2.556375503540039,0.044357756378607754,0.49254882079859236,-3.2999017238616943,3.525592088699341,6.825493812561035,0.00705460598692295,0.49420042732366304,3.525592088699341,-0.08709347381873944,0.596232543238355,-2.7266132831573486,2.3970518112182617,5.12366509437561,-6.07606489211e-05,0.6021489872592348,2.3970518112182617,0.4734140603876934,0.7199644494683496,0.0022678997437504,4.174434746059314,4.172166846315563,0.06730942121970934,0.8612477847851638,4.174434746059314,5.869681969110414,4.722429873084409,-0.4340628500087186,9.797736625704168,10.231799475712887,9.432776355352997,7.531497192268119,9.797736625704168,-3.94682811695848,4.814061422886247,-9.806603822770716,5.1006145817726845,14.9072184045434,-1.0930751864036545,6.222568774098174,5.1006145817726845,-0.20877891394656362,0.8270066849158179,-2.547452778238058,0.7337756086952983,3.281228386933356,-0.14997963583020024,0.8523943506680586,0.7337756086952983
NFA_LyingDown_Polina1,non_fall,lying_down,polina,middle_cut_non_fall,0.010360879685840279,1.1660195095456642,-8.946963261699675,9.034686553338169,17.981649815037844,-0.0197632696121931,1.1649417103040323,9.034686553338169,-0.04933968853454009,1.0765860018924507,-10.537896236348152,6.806174052554368,17.344070288902522,-0.0137840490721166,1.076679437707054,6.806174052554368,0.049729091857832926,0.6972665113065016,-4.234795039805769,2.825198875516653,7.059993915322423,-0.0100759883344173,0.6983672430950794,2.825198875516653,0.9619694861554023,1.443146621012493,0.0099553197293136,13.826365972389818,13.816410652660505,0.3007533808268935,1.7332179915450576,13.826365972389818,-0.029631471714033585,0.47058811826408387,-2.629314661026001,1.4877736568450928,4.117088317871094,-0.0002004546113312,0.47106741461418805,1.4877736568450928,0.09776434517619854,0.6462874286451461,-2.296398401260376,3.031806945800781,5.328205347061157,-0.0042248321697115,0.653024130378326,3.031806945800781,0.07349004379252909,0.710071890742184,-2.036560535430908,5.705484867095947,7.7420454025268555,-0.001164820510894,0.7131839797061061,5.705484867095947,0.6264565059277072,0.8752168777567009,0.0006857833593299,5.74775461049123,5.7470688271318995,0.1606458063758772,1.0756283804721332,5.74775461049123,-7.7652543689229265,1.7631845575204241,-9.72708488037586,-3.7855142719969153,5.941570608378946,-8.702699162784219,7.962537609274048,-3.7855142719969153,0.09789435461573423,5.258436853127245,-8.095847367867828,8.954240559226275,17.050087927094104,1.257512044160068,5.25428051036932,8.954240559226275,-1.0558646330847814,2.0134247652184634,-4.755230534029007,2.5291338622152804,7.284364396244287,-2.0426732644386587,2.27176549534679,2.5291338622152804
NFA_LyingDown_Polina10,non_fall,lying_down,polina,middle_cut_non_fall,-0.011492672223758193,1.0666640809725247,-7.168477670916914,4.078658137154579,11.247135808071494,-0.020184125372767397,1.0654493887285992,4.078658137154579,0.04830217156618227,0.6595247161174668,-2.4554957945525646,3.2058734323501583,5.661369226902723,0.00913373904824255,0.6605038577031396,3.2058734323501583,0.04641220656050256,1.0758495270439703,-11.048347512173653,3.7212265087425695,14.769574020916222,-0.031091888356208748,1.0755637002730496,3.7212265087425695,0.8968569339096045,1.3887211407661757,0.0201351185309512,12.159179613671414,12.139044495140462,0.1559570084578745,1.651752105894807,12.159179613671414,-0.19573675425896983,0.5870227406654863,-4.299978256225586,1.0269925594329834,5.326970815658569,-0.0056356817949563005,0.6181295846374818,1.0269925594329834,0.00027041448643386505,0.7060535527552468,-3.3852241039276123,3.4098663330078125,6.795090436935425,-0.0006325650028884,0.705208537209197,3.4098663330078125,0.07766326811971169,0.47090953905593874,-1.2396241426467896,2.624366044998169,3.8639901876449585,0.0009773350320756,0.4767146535773627,2.624366044998169,0.5408575032331175,0.9033745870290109,0.0006471552381698,5.929521571136096,5.928874415897926,0.07522043649481536,1.051979146795328,5.929521571136096,-7.135148871126418,1.2605031127638602,-9.596160160392522,-4.483740866796672,5.11241929359585,-7.961862383531034,7.245372067090413,-4.483740866796672,-0.0010997363282454359,5.0113320250850935,-8.179239936825633,4.277207948121428,12.45644788494706,3.2864575197584927,5.0053341401281335,4.277207948121428,-3.432407644841364,2.618508123744877,-7.689597640272974,1.2294012174412607,8.918998857714236,-4.605461266713589,4.31527562521547,1.2294012174412607
NFA_LyingDown_Polina2,non_fall,lying_down,polina,middle_cut_non_fall,-0.03473064583802117,0.8680534845909842,-5.380091448366642,3.07854761364162,8.458639062008261,-0.0284019186198711,0.8677984999390439,3.07854761364162,0.0353451447793354,0.9291042407565306,-4.906589554753899,10.991447813344,15.8980373680979,-0.0070483110763132,0.9287599546062177,10.991447813344,0.06922901009552067,0.7360781975664334,-3.403175873604417,4.31441101283431,7.717586886438728,-0.0090130352780222,0.7385243303151529,4.31441101283431,0.77005781000854,1.2536096911995187,0.0103445213163041,12.244156983358854,12.23381246204255,0.1191023341441608,1.4700637660469165,12.244156983358854,-0.04999466904763059,0.3612008442159682,-2.084906578063965,1.6092259883880615,3.6941325664520264,-0.0017237970605492,0.36425270499720497,1.6092259883880615,-0.02531383948194788,0.7082134025275715,-2.6647534370422363,5.222428798675537,7.887182235717773,-0.004617350641638,0.7078908778196914,5.222428798675537,0.16287617608843702,0.8936325346804328,-2.750028133392334,6.699957370758057,9.44998550415039,-0.0026205864269286,0.9073920420113806,6.699957370758057,0.5625013949819943,1.0692257263076899,0.0017242249939549,6.96323263006749,6.961508405073535,0.0750706294966292,1.2071246190446525,6.96323263006749,-7.085585403293708,3.692253886821259,-9.784110251411796,1.6286492495805025,11.4127595009923,-8.908029427671432,7.98801779754524,1.6286492495805025,0.0924810817439946,4.6476525365200185,-9.803471369963884,5.342392124569416,15.1458634945333,2.001467978347093,4.643485824830912,5.342392124569416,-2.9920809738785588,1.360698482737292,-5.422910014873743,1.271744713782519,6.694654728656262,-3.3682334472998976,3.2863349634601144,1.271744713782519
NFA_LyingDown_Polina3,non_fall,lying_down,polina,middle_cut_non_fall,-0.03522029233118314,1.2677251736131123,-11.749411376225948,4.37034449698031,16.11975587320626,-0.034037586419284296,1.2670575642366466,4.37034449698031,0.031991283548038686,0.8053557453130562,-8.615205003726482,3.8248821135282514,12.440087117254734,0.00138180974721905,0.8052563231446541,3.8248821135282514,0.042419612151078964,0.6248644282172343,-5.938708496946096,3.9523774435848,9.891085940530896,-0.01773205604553215,0.6257335431410874,3.9523774435848,0.8485965487661714,1.3888191832215948,0.0064408945719769,12.827009412517262,12.820568517945285,0.17852570186325475,1.626473204226141,12.827009412517262,-0.07439945281456042,0.302798703948682,-1.3410475254058838,2.607982397079468,3.949029922485352,-0.00216762791387735,0.3115365492967732,2.607982397079468,-0.02197703581140206,0.5871585153483494,-3.109398603439331,3.169527292251587,6.278925895690918,-0.0057441857643425,0.5870340680597128,3.169527292251587,0.10003823823852967,0.6203502806765083,-1.3868472576141355,5.017308712005615,6.404155969619751,0.00130692287348205,0.6278055966312086,5.017308712005615,0.44723917649925293,0.7980872822483711,0.0014553532262774,6.404082343495081,6.4026269902688036,0.07039253409959005,0.9142231050306835,6.404082343495081,-6.932842583331152,2.813349405039125,-9.5338746768713,-2.023271229354292,7.510603447517008,-8.724628962780535,7.480962361104912,-2.023271229354292,-1.052915992506915,5.0831218994117595,-9.58527344019711,3.707363110823929,13.292636551021038,2.037737488536909,5.186483438949489,3.707363110823929,-3.0017751591474373,2.0744103944782544,-6.962655238598585,0.5635124194055795,7.526167658004165,-3.6876178152598436,3.6477362946505583,0.5635124194055795
NFA_LyingDown_Polina4,non_fall,lying_down,polina,middle_cut_non_fall,0.00030012856874525313,0.8877855373752855,-7.276431265157461,3.3820231954604387,10.6584544606179,-0.01865793871879575,0.8870119186903355,3.3820231954604387,0.012834498163037809,0.800037465532046,-3.9688586227864016,6.777995421296358,10.74685404408276,0.0026963994771242,0.7994432960402228,6.777995421296358,0.022740711043757206,0.5683592843925859,-5.431112610551715,2.9679508114159106,8.399063421967625,-0.0202023916818201,0.5683191375396024,2.9679508114159106,0.6630654356307621,1.1452141580511803,0.0053536302219522,8.493355277709519,8.488001647487566,0.10196532252189114,1.32245467581166,8.493355277709519,-0.10905268949818334,0.2843991174427079,-1.239393711090088,1.1194244623184204,2.3588181734085083,-0.0020605316385626004,0.3043590579998163,1.1194244623184204,-0.0324209989458225,0.6312374630689153,-3.798648595809937,3.0988781452178955,6.897526741027832,-0.0064217490144073495,0.6315201291245979,3.0988781452178955,0.0894545243034068,0.5963824181837838,-3.051013469696045,3.926557302474976,6.9775707721710205,0.0019269876647740498,0.6025400094815929,3.926557302474976,0.49064394182600674,0.7841213272038637,0.0008567673090511,4.230031655417655,4.229174888108604,0.07301252861817345,0.9243952470140477,4.230031655417655,-7.291762539089088,2.7991270743577537,-9.688861240443586,-3.2142896707788107,6.474571569664775,-9.309760508798062,7.8096903449048725,-3.2142896707788107,-2.0791249172246626,5.18524246960776,-9.124496588122843,5.514351450252533,14.638848038375375,1.3814348494920878,5.582352450403076,5.514351450252533,-0.771096606848691,1.8514449460013536,-5.68362314428687,1.6632769108474257,7.346900055134296,-1.0755313098739832,2.004112398011712,1.6632769108474257
NFA_LyingDown_Polina5,non_fall,lying_down,polina,middle_cut_non_fall,-0.012290163241503881,1.3544894752248842,-12.641146280694008,8.502273621073364,21.143419901767373,-0.0241878080561757,1.3531567813259013,8.502273621073364,0.03715815789041903,0.6696098458318485,-2.5238334177196022,6.510510605791211,9.034344023510814,0.010886135673522899,0.6699546763002883,6.510510605791211,0.045302129861400385,0.7504135466381101,-5.265403577435016,3.4180846889227627,8.683488266357779,-0.007007248413562751,0.7510118764145041,3.4180846889227627,0.8587913932649525,1.4528227410690457,0.0090695366624173,12.880673171042009,12.871603634379591,0.1477359887304921,1.6863841145066958,12.880673171042009,-0.09769249717813731,0.3056620494708514,-1.243474006652832,1.478127121925354,2.721601128578186,-0.0038381130434572497,0.320595787607398,1.478127121925354,-0.07341285226065052,0.8076513497362336,-3.513357639312744,3.493971824645996,7.00732946395874,-0.0122083476744592,0.810156446521234,3.493971824645996,0.12322605310960245,0.6801785259424421,-1.1616570949554443,4.015838623046875,5.177495718002319,-0.0011295273434370002,0.690564586941708,4.015838623046875,0.5855911109954915,0.9460081936019312,0.0009952097944164,4.504052298601453,4.5030570888070365,0.0888735793668819,1.1117619239790022,4.504052298601453,-7.366876968096066,2.8955724233666555,-9.784667885294557,-2.5702643295049667,7.214403555789589,-9.349917747141419,7.914419429000108,-2.5702643295049667,-1.2237555164598601,5.307920721297969,-9.459006190630792,4.559961059907079,14.01896725053787,2.136538346767798,5.441862392161797,4.559961059907079,-1.3452886444424133,1.4536216024976774,-5.722084684628248,0.8803126891564578,6.602397373784706,-1.2525352786608042,1.9795169485960702,0.8803126891564578
NFA_LyingDown_Polina6,non_fall,lying_down,polina,middle_cut_non_fall,-0.03661359726661715,1.2260472093697594,-8.495778998357057,3.41012642339468,11.905905421751736,-0.0031800913408398,1.2250296495399797,3.41012642339468,0.008563923214861597,1.1233146641439629,-8.663477159464358,3.9285912020668383,12.592068361531197,-0.015624617171194349,1.1219136359344564,3.9285912020668383,0.0775052899272414,0.8463395800906685,-3.594554185506701,4.048550583660602,7.643104769167303,-0.01714914159104225,0.8488053267031146,4.048550583660602,1.1027474753893087,1.5065178800590806,0.0090708119539338,10.393006184480624,10.38393537252669,0.38568758805691433,1.8654378390574418,10.393006184480624,-0.16057208924238303,0.483408023541297,-2.4458253383636475,1.2665804624557495,3.712405800819397,-0.00126455281861125,0.5087932607223499,1.2665804624557495,-0.179719508946897,0.6848456460258576,-4.208804607391357,2.0668954849243164,6.275700092315674,-0.0099285505712032,0.7071889405358928,2.0668954849243164,0.10972526200277237,0.6846203785549025,-1.5374040603637695,3.591970682144165,5.129374742507935,0.0008962454739957499,0.6924947795281886,3.591970682144165,0.6678649004820069,0.8913580137136013,0.0009429605425985,4.353139224713617,4.352196264171019,0.23168198949301172,1.1128952329157287,4.353139224713617,-5.928699434654125,3.9833974961289327,-9.527316341269016,0.3430572122313082,9.870373553500324,-8.211344217094778,7.139779716177673,0.3430572122313082,-3.6910548156206326,4.346844433069864,-9.804021989583967,0.3164642061969265,10.120486195780893,-0.48144929068693887,5.698310319947245,0.3164642061969265,-2.743468706454058,2.282512514723585,-7.118156181433797,0.7767026040129363,7.894858785446733,-2.99003346388638,3.566958572139112,0.7767026040129363
NFA_LyingDown_Polina7,non_fall,lying_down,polina,middle_cut_non_fall,-0.04514307863316696,1.3107643863107283,-9.64657517337799,6.04718874540925,15.69376391878724,-0.0176648360282182,1.3102229679435198,6.04718874540925,0.025282545997201082,0.9321532397802491,-6.299614523470401,4.9381069750458,11.237721498516201,-0.0012222352713346,0.9315581358052593,4.9381069750458,0.05717487919514501,1.1421949006162293,-12.617740855187176,4.420257405662537,17.03799826084971,-0.0351882177591323,1.1424767785883279,4.420257405662537,1.0716520140008456,1.657355348439653,0.0283113222906237,15.962653589978148,15.934342267687525,0.278760440326225,1.9722418654225091,15.962653589978148,-0.1196893839188055,0.3667805434438119,-1.5819520950317385,2.065026998519897,3.6469790935516357,-0.0111048026010394,0.38546444149573406,2.065026998519897,-0.09272040183781469,0.8923134033199653,-7.8207807540893555,2.8893377780914307,10.710118532180786,-0.0085353441536426,0.8962244271884711,2.8893377780914307,0.09040678178112002,0.7043241148493055,-1.3150136470794678,3.999042510986328,5.314056158065796,-0.003855065209791,0.7093995427334592,3.999042510986328,0.6071281966061534,1.0433765069248808,0.0020306910995622,7.86040939241775,7.858378701318188,0.1196390705424246,1.206254024149707,7.86040939241775,-6.6250266316976445,3.1121754016789596,-9.002015286836027,-0.9795041541401296,8.022511132695897,-8.802943497821689,7.318273389321623,-0.9795041541401296,-1.530799992202722,5.266213293465274,-9.706170687162876,2.8191347531720994,12.525305440334975,2.0367342297784985,5.479101227266668,2.8191347531720994,-2.8362538032586215,2.1348415357162476,-7.40841864593625,0.6049492857633159,8.013367931699566,-3.485366665557027,3.548621408610426,0.6049492857633159
NFA_LyingDown_Polina8,non_fall,lying_down,polina,middle_cut_non_fall,-0.027644752437812437,1.0806372899863856,-8.342387595021725,6.511956712946295,14.85434430796802,-0.0269341841548681,1.0799164600497624,6.511956712946295,0.028540707125495484,0.87434360540389,-4.075146914163232,6.393086587893962,10.468233502057195,0.0019137246668338,0.8739402026455345,6.393086587893962,0.0422460306571082,0.7310905457526364,-6.052689096391201,3.289950184179842,9.342639280571042,-0.0245379366680979,0.7315842412802674,3.289950184179842,0.8344532024920737,1.3313219323055132,0.0107106936521678,8.416477442164478,8.40576674851231,0.145143829217371,1.5700976213523006,8.416477442164478,-0.13322675177294235,0.33051474773688105,-1.3298677206039429,0.9256331324577332,2.255500853061676,-0.0031432965770363,0.356050823512897,0.9256331324577332,-0.07931744341533002,0.8042986048269516,-5.227288722991943,3.865223407745361,9.092512130737305,-0.0054321186617016,0.8074041283776565,3.865223407745361,0.10645006807608008,0.6448941015577179,-0.9706026911735536,5.106188774108887,6.07679146528244,0.0004970859736204,0.6529879044119763,5.106188774108887,0.5601800391739217,0.9450082386072571,0.001418556237302,5.368504543333725,5.367085987096424,0.0759666410321719,1.0977553546914902,5.368504543333725,-7.108785522764673,2.4786592822021114,-9.589459201449156,-3.4102480039477348,6.179211197501421,-8.856022761580347,7.5277067708267555,-3.4102480039477348,-1.4157557197823971,5.545615521139728,-9.18173940130174,4.316197019468247,13.497936420769989,2.685927182948589,5.718135614737817,4.316197019468247,-1.9308760433016634,1.756358217245961,-6.311551629501581,0.5232981171127409,6.8348497466143225,-2.5245667004302144,2.609012014203628,0.5232981171127409
NFA_LyingDown_Polina9,non_fall,lying_down,polina,middle_cut_non_fall,-0.029807741003903026,0.931244486515472,-5.9645864500463,6.240559692433476,12.205146142479776,-0.0308726926475763,0.9308944335598004,6.240559692433476,0.016497892971719955,0.8027117722979666,-4.8258793567478655,7.761495001748203,12.587374358496069,0.0033763445653021,0.8021682384907509,7.761495001748203,0.05250627513701941,0.6611775391047062,-4.738489534847438,3.58982861828953,8.328318153136967,-0.0213283269718289,0.6626735030080687,3.58982861828953,0.7232221864866437,1.1952663959675496,0.0108396163934623,8.51074614249548,8.499906526102018,0.1194093277741775,1.3961283969839453,8.51074614249548,-0.10792769752211247,0.34884434088981575,-1.7429327964782717,1.0806615352630615,2.823594331741333,-0.0020014750771224,0.36486245654761773,1.0806615352630615,-0.0746385564127702,0.6832882040715887,-3.0279459953308105,3.097499370574951,6.125445365905762,-0.0040362910367548,0.6867491588990591,3.097499370574951,0.10254841400757035,0.6700165861067003,-1.0014560222625732,6.000999450683594,7.002455472946167,0.0008467957377433,0.6772304096057388,6.000999450683594,0.481793408884416,0.9125482331337706,0.0004889910082663,6.175431678968177,6.174942687959911,0.0484107855897965,1.0312080523062668,6.175431678968177,-6.592634851535934,3.301240082288568,-9.353622154617309,-1.4205525887198744,7.933069565897434,-8.992924802407622,7.371679796362042,-1.4205525887198744,-1.5626814660409247,5.562381359325075,-9.700430682206154,3.7575676959291098,13.457998378135263,2.41108455202654,5.772963190806651,3.7575676959291098,-2.2908121029604573,1.8054337164047545,-6.426598981395364,0.5810152332725003,7.007614214667864,-2.99412657841891,2.9157539871379297,0.5810152332725003
NFA_StandingUp_Lukas1,non_fall,standing_up,lukas,middle_cut_non_fall,0.1509797069772577,1.818356364717394,-14.301414072853326,12.072474286568164,26.373888359421493,0.024213234758377,1.8234987808931544,12.072474286568164,-0.03674608220911798,1.5668095296493454,-8.97401727284193,11.943919218325616,20.917936491167545,0.0193342305451631,1.5662767409613607,11.943919218325616,0.0706416028984192,1.7903623781240223,-8.623577695274353,16.662051317059994,25.285629012334347,0.0216857621073722,1.7906549089028374,16.662051317059994,1.6946486663280964,2.4739664177322576,0.0037393405352827,20.521553956134166,20.517814615598883,0.4393558098310788,2.997468204330646,20.521553956134166,0.06867059240217045,0.9877914103257072,-5.655859470367432,10.509917259216309,16.16577672958374,0.0040070624090731,0.9895692792179874,10.509917259216309,0.14612488339228102,1.4727838667362987,-8.023951530456543,10.635035514831545,18.658987045288086,0.002077414188534,1.4791135147221606,10.635035514831545,0.026138180285476858,0.887067693004726,-4.574813365936279,3.2202281951904297,7.795041561126709,-0.0030729551799595,0.8869072179091813,3.2202281951904297,1.0967088616394967,1.659592115621216,0.0044910275274225,12.60287178866312,12.598380761135697,0.2576822589667594,1.9883733454724126,12.60287178866312,4.788818720793817,5.077123924718885,-3.964934435079992,9.802109433960911,13.767043869040904,7.13038379484415,6.976981140155022,9.802109433960911,-4.136548383813146,4.826115795126389,-9.794277425161004,5.57127628352344,15.365553708684445,-1.8836657747872168,6.354036315516065,5.57127628352344,0.853301386181706,2.5294447562013085,-4.338239924450218,9.743615159416198,14.081855083866415,0.4866698931457474,2.668022544879215,9.743615159416198
NFA_StandingUp_Lukas10,non_fall,standing_up,lukas,middle_cut_non_fall,0.036440130961113856,1.1809267727699102,-4.398386350116134,11.144831033372878,15.543217383489011,-0.00365033920109265,1.1799899839529173,11.144831033372878,0.09387791028510266,0.5862709398475457,-3.2141379873484373,3.5182033517539497,6.732341339102387,0.0225786192938685,0.5930044749984887,3.5182033517539497,0.07051490791015783,0.8270597913724009,-8.006739928394556,3.8267709960147736,11.833510924409328,0.021275418607657748,0.8290139560496025,3.8267709960147736,0.7110272924220038,1.389472953104097,0.0062164629837635,11.173181329982716,11.166964866998953,0.17808938120896925,1.5592609816584428,11.173181329982716,0.04057443636200076,0.32705043381030063,-1.033218502998352,2.3983891010284424,3.4316076040267944,-0.01194446580484505,0.3291455514193135,2.3983891010284424,-0.03260490699785852,0.8319741326555665,-3.946736097335816,4.635959148406982,8.582695245742798,0.021680107340216602,0.8315571134371317,4.635959148406982,0.1252990418153952,0.5203260435121893,-0.6658055782318115,3.2176268100738525,3.883432388305664,-0.0049214190803468,0.5345576546345439,3.2176268100738525,0.4764539749845232,0.92776730539615,0.0005730126067846,5.212715049840484,5.2121420372337,0.09399642135759806,1.0419097432385414,5.212715049840484,3.0088594372404276,3.434389817095017,-0.0771699041838292,8.18002904137671,8.257198945560539,0.6287847367178648,4.562711024796748,8.18002904137671,-7.972881842119939,2.39988296709216,-9.788366739812492,-4.365428375627101,5.422938364185391,-9.730861476305126,8.32536277050746,-4.365428375627101,-0.9144786054008687,2.284154511716916,-4.254859338191151,2.017930598978698,6.272789937169849,0.37286366388686,2.4577206753458616,2.017930598978698
NFA_StandingUp_Lukas2,non_fall,standing_up,lukas,middle_cut_non_fall,0.028056791347561286,0.4932307420543486,-2.5669074202924964,2.4958131918936965,5.062720612186193,0.0064653966218233,0.4934842592105494,2.4958131918936965,0.01989671802414502,0.7555475792949926,-5.11119851962924,3.593667465800047,8.704865985429286,0.0188949623450636,0.7549754066902445,3.593667465800047,0.06420469918975319,0.9205922520133647,-9.758061033397912,2.889000608819723,12.647061642217635,0.0321025267034769,0.9218142431121639,2.889000608819723,0.6245918480693964,1.1295830136723009,0.0037256911501556,11.178511628518145,11.17478593736799,0.1914167820001319,1.2896728568129736,11.178511628518145,0.03835995709980995,0.3767276938634474,-2.445281744003296,2.403496026992798,4.848777770996094,0.0021353042684495,0.3782617402794657,2.403496026992798,-0.08846798002507608,0.34873102140065365,-1.6155658960342407,0.9794400930404664,2.595005989074707,-0.0004563817055895,0.3594042942010207,0.9794400930404664,0.06343459339003402,0.4096615135868761,-1.852817416191101,2.10668420791626,3.9595016241073613,0.0013028085231781,0.4140966483019838,2.10668420791626,0.34506951841243916,0.5704162681188557,0.0011980430149545,2.739819047480644,2.73862100446569,0.0856803745235664,0.666130186213116,2.739819047480644,7.921159416583536,0.9274903427338669,5.433877983611822,9.323654301854967,3.889776318243145,7.558143343457579,7.9751555381648025,9.323654301854967,-5.062391586685476,2.0515769731075095,-8.161207436528802,-1.903022363294661,6.258185073234141,-6.228370657467842,5.4614545071136025,-1.903022363294661,1.103039296264001,1.2355042872403137,-2.116194281592965,3.067651833356917,5.183846114949882,0.5831341251226142,1.6552331678890082,3.067651833356917
NFA_StandingUp_Lukas3,non_fall,standing_up,lukas,middle_cut_non_fall,0.04218750455023793,0.48373714350352637,-2.4863638110250235,6.135577807480097,8.62194161850512,0.0278004455953836,0.4852001421362332,6.135577807480097,0.06155288825721445,0.6012053468512134,-4.376411834195256,3.63741483758986,8.013826671785116,0.047488750275224395,0.603885014145978,3.63741483758986,0.03743163103805853,0.2869076823120093,-1.5075263771653171,2.2994997616767883,3.8070261388421054,0.023191198234260052,0.2891188700086609,2.2994997616767883,0.36603310728806804,0.7419959774935264,0.0136763602791546,6.517340564125075,6.50366420384592,0.12128058764246205,0.8268530759658537,6.517340564125075,0.028663157219526402,0.17120760355733602,-0.7491662502288818,1.3850592374801636,2.1342254877090454,-0.0017390001448802,0.17345963627677807,1.3850592374801636,-0.001574530273794136,0.3450335633393611,-2.732738733291626,2.6439473628997803,5.376686096191406,0.0057308753021061,0.34477000144894093,2.6439473628997803,0.05330760764417991,0.3498344436629994,-1.4716681241989136,2.478779554367065,3.9504476785659786,-0.00227981223724775,0.35360484990417895,2.478779554367065,0.23221956092848367,0.46947444111597597,0.0023291827915567,3.239285413520972,3.2369562307294153,0.06817199423185955,0.5234414859295466,3.239285413520972,7.7958804076464965,1.314149908056917,4.932023855739832,9.510657467412948,4.578633611673116,7.050268932382762,7.905698448085977,9.510657467412948,-4.565048739679055,2.755058491115817,-8.393666531360148,-0.9337634165760128,7.459903114784136,-6.795955733139813,5.330878681934968,-0.9337634165760128,-1.0538654331888566,2.0366251138667693,-3.730258248721063,1.5367562710419296,5.267014519762992,0.5175474628978409,2.2917358918250086,1.5367562710419296
NFA_StandingUp_Lukas4,non_fall,standing_up,lukas,middle_cut_non_fall,0.03354305490045955,0.7742821882972675,-6.392813616171479,5.6262716100364925,12.01908522620797,-0.0005155483067035,0.7743709564744247,5.6262716100364925,0.04149660067909949,0.8056639398270281,-6.3796057595521205,5.816361051172017,12.195966810724137,0.0198310741513967,0.8060688578290384,5.816361051172017,0.058867542146571285,0.5358127824349627,-4.856453358709812,3.132756758213043,7.989210116922855,0.0159644618511199,0.5385979494406536,3.132756758213043,0.531295177259014,1.12217876136241,0.0057171762293035,7.14838308032496,7.142665904095656,0.1406338436182496,1.2407599014050232,7.14838308032496,-0.010587105694855214,0.24741418341931393,-1.592439889907837,1.950124859809876,3.542564749717713,-0.0020230966620147,0.24743689810138447,1.950124859809876,-0.09505713569258127,0.5056666647356078,-3.9062442779541016,1.6264469623565674,5.532691240310669,0.0001654381630942,0.5141141748953887,1.6264469623565674,0.06150456425071045,0.3969421662623616,-1.175714373588562,2.5079329013824463,3.6836472749710083,-0.0027405603323131,0.4013556004805956,2.5079329013824463,0.2915796304541763,0.6342466056276651,0.0034859525788171,4.09479587663078,4.091309924051963,0.051853622555256,0.6975849205706361,4.09479587663078,6.636425322694703,1.5638420757328448,3.3386151386275884,8.773513405197859,5.43489826657027,5.62375699686706,6.817896604020996,8.773513405197859,-5.956426491725346,2.7314955855883234,-9.206960351797935,-2.3064776378653944,6.900482713932541,-8.023297679963708,6.55193047697743,-2.3064776378653944,1.4954884708632712,2.128346098102945,-1.4531727095566689,4.611812243175506,6.064984952732175,0.0144002755660971,2.5997846416075454,4.611812243175506
NFA_StandingUp_Lukas5,non_fall,standing_up,lukas,middle_cut_non_fall,0.032306807501062726,0.8510657814586828,-4.808289924043416,7.768186023819446,12.576475947862862,0.0137006085723638,0.8510710671703902,7.768186023819446,0.07332472821920967,1.1386796139780857,-5.903568794503808,5.580020146471262,11.48358894097507,0.009958207173645449,1.1402260766288557,5.580020146471262,0.03169228590771598,0.8622197651795395,-7.4058087556988,4.582640216965973,11.988448972664774,0.00020538637898865,0.8621863439561703,4.582640216965973,0.8003059906214052,1.4595740634278582,0.0032294664869136,8.94498825731179,8.941758790824876,0.13252643234267555,1.663671469642816,8.94498825731179,0.041839743927869544,0.5998920207327042,-3.1128532886505127,4.148210048675537,7.26106333732605,-0.00019187026191500001,0.6009217087833406,4.148210048675537,-0.023676624766501057,0.47460988176606816,-4.59857177734375,2.295699119567871,6.894270896911621,-0.01042651059105985,0.47486138001581113,2.295699119567871,0.05013871037334737,0.5998144344660392,-1.8961126804351809,2.619374990463257,4.5154876708984375,-0.0029626984614878503,0.6014792418866862,2.619374990463257,0.46286840916521477,0.857426733044103,0.0011003549570781,5.342077046837741,5.340976691880663,0.06981622690952945,0.9738467583445527,5.342077046837741,8.478595864313037,1.4911762218680487,3.807915488897264,9.755048992100358,5.947133503203094,9.69900211070776,8.608543301526762,9.755048992100358,-2.044286878732967,3.9536978604356348,-7.94934630856812,7.2157035324722525,15.165049841040371,0.10871118484192985,4.448427202498421,7.2157035324722525,1.009631714966336,1.1212965948248683,-1.5882061800330876,5.5696729399800295,7.157879120013117,1.1794687638083472,1.5082659254675934,5.5696729399800295
NFA_StandingUp_Lukas6,non_fall,standing_up,lukas,middle_cut_non_fall,0.034314467518085146,0.7211704938289281,-2.658611305999756,6.055754329180717,8.714365635180473,0.0205482825100421,0.7212245242771919,6.055754329180717,0.0788954433779772,0.8250143803179132,-3.277164644625783,5.884771739575267,9.161936384201049,0.045427890488971,0.8279095452188293,5.884771739575267,0.06756834680063724,0.33184984492811104,-2.748971375882625,2.139476957502961,4.888448333385586,0.042938831885904,0.3383149126133182,2.139476957502961,0.5270144092396463,1.0220176660861593,0.0105052017613317,7.488863679678561,7.478358477917229,0.1713831350280098,1.14893690408998,7.488863679678561,0.03259001753327928,0.35380419376325883,-0.9227582216262816,2.375406742095948,3.29816496372223,-0.0120723051950335,0.354929388872518,2.375406742095948,0.02220464130887176,0.2819463099382855,-1.0129380226135254,2.198559284210205,3.2114973068237305,0.0009064421756193,0.2825220432938324,2.198559284210205,0.04542193154597174,0.4013957004254349,-2.59237027168274,2.307317018508911,4.899687290191651,0.0028811239171773,0.4035356602452606,2.307317018508911,0.2951988974732278,0.5311201350600266,0.0027328803198953,3.439007161515427,3.436274281195532,0.1000354673921356,0.6071528680010657,3.439007161515427,9.176935706493346,0.6330869752592845,8.172040380710364,9.803954769566657,1.631914388856293,9.549048865127563,9.198701034598622,9.803954769566657,-1.8403691938932327,2.446868468060816,-5.421082799446583,0.710277901795134,6.131360701241717,-0.0080089728020131,3.059651322465464,0.710277901795134,-0.24595315121278633,1.4617955200450785,-4.540160088633001,2.236126629049331,6.776286717682332,-0.6802394680146128,1.480817831434359,2.236126629049331
NFA_StandingUp_Lukas7,non_fall,standing_up,lukas,middle_cut_non_fall,0.09206901851011308,1.5286521660291563,-9.116107529962065,16.665183185344933,25.781290715306998,0.014852408955991249,1.530541012697339,16.665183185344933,0.050881463900195115,1.5183949621594892,-7.134206568002701,10.559800609642268,17.69400717764497,0.0263645310407504,1.518370810255117,10.559800609642268,0.03427282568448915,1.3955684953799627,-12.793473854190111,8.257390513476729,21.05086436766684,0.026660006855987,1.3951835284095344,8.257390513476729,1.2824744637212624,2.2261007055667905,0.0054920504328643,17.87956691566719,17.874074865234327,0.21679926377072983,2.5679841874374256,17.87956691566719,-0.005029168321606409,0.5947831832724039,-4.5338521003723145,4.207761764526367,8.741613864898682,-0.0012954380363225499,0.59446094965836,4.207761764526367,0.018526999274882817,0.9686382937223782,-6.892645359039307,5.8254265785217285,12.718071937561035,0.0009200342465191501,0.9682561399199229,5.8254265785217285,0.0919754824287357,0.7009804810864682,-2.504903793334961,3.863137245178223,6.368041038513184,-0.0005271830596029,0.7065873747721064,3.863137245178223,0.6571276208208398,1.1661574213369381,0.001149029831598,7.423011258157154,7.421862228325556,0.09304860377653015,1.3379721564175713,7.423011258157154,7.660147525749519,2.3738303133075735,2.454268883106112,9.806105225598811,7.3518363424927,9.471831185412407,8.019128597483334,9.806105225598811,-2.424293180505556,4.844354024010973,-8.928505229467152,7.06466190713346,15.993167136600611,0.7162935453554615,5.41459733481166,7.06466190713346,1.1118910613888366,1.1451257371751418,-4.32811074462384,4.335285166297853,8.663395910921693,0.9137027714524418,1.5956504843309791,4.335285166297853
NFA_StandingUp_Lukas8,non_fall,standing_up,lukas,middle_cut_non_fall,-0.0026120990742944704,0.5644457181794827,-4.36305141736269,5.466437021911144,9.829488439273835,0.00657674804180855,0.563985860603053,5.466437021911144,0.029987463061803506,0.6023581037416642,-5.813132152253389,2.6708076474890112,8.4839397997424,0.00669796326868235,0.6026074966259886,2.6708076474890112,0.017722815161981854,0.6139540116908246,-4.679679618482291,4.396353967505693,9.076033585987984,-0.00078411784870545,0.6137031971770255,4.396353967505693,0.44411572572569213,0.9284563403996269,0.0015208164411634,7.760035159497519,7.758514343056356,0.1383363692628547,1.0285171171037022,7.760035159497519,0.06521587550721558,0.46023864301340145,-1.794425368309021,4.447024345397949,6.24144971370697,-0.0019024027860723,0.4644600969224336,4.447024345397949,0.002911243983275466,0.36862439136493946,-2.618685722351074,2.8285062313079834,5.447191953659058,-0.0012692713062278501,0.36833162547283305,2.8285062313079834,0.0609200460789802,0.28873187359533187,-0.8949559926986694,1.6780290603637695,2.572985053062439,0.00106662535108625,0.2948555223001346,1.6780290603637695,0.2734659504643601,0.6034471194043668,0.000694917031117,4.688419145873059,4.687724228841942,0.0535525912684886,0.6620658177156867,4.688419145873059,7.400039841987035,0.4270853933905477,6.359361428424716,8.924564967408775,2.5652035389840595,7.2274872015073885,7.4123336813013125,8.924564967408775,-4.460836623054047,2.844860772578047,-7.462797886377572,-0.364138396041654,7.098659490335918,-6.574135521222651,5.289512361576566,-0.364138396041654,-1.7702346961580377,3.183040152060568,-6.102256552636623,3.373941595813632,9.476198148450255,0.31403319792402906,3.6398841243370046,3.373941595813632
NFA_StandingUp_Lukas9,non_fall,standing_up,lukas,middle_cut_non_fall,0.010438696437465556,0.8350177879657674,-5.316593666446209,7.771036152553558,13.087629818999766,0.01185118131339545,0.8342859424982719,7.771036152553558,0.056412601484515434,0.8284308401468969,-8.391191665679216,4.160470743444562,12.551662409123779,0.0039378143729641496,0.8295603113456365,4.160470743444562,0.031119929092729322,0.7831522300471399,-7.195345219576359,7.588505748495459,14.783850968071818,0.0060378188595175495,0.7830232392769054,7.588505748495459,0.5748460043163487,1.2923110930333266,0.0043242724859323,12.200496352631262,12.19617208014533,0.10290005975378841,1.41326881280873,12.200496352631262,0.05870439363723508,0.34935859243538736,-1.6267170906066897,2.374375104904175,4.001092195510864,-0.000492492923513,0.3539275481957308,2.374375104904175,0.019968426772588792,0.6159984582339079,-3.516928434371948,5.592216491699219,9.109144926071167,0.0015992055996320999,0.6157342686317526,5.592216491699219,0.0662553062407435,0.39696335467713934,-1.1162101030349731,3.411738634109497,4.52794873714447,-0.00165509129874405,0.4020807699357481,3.411738634109497,0.32646243079251247,0.7487018004861564,0.0016964614298549,5.678413800073594,5.676717338643739,0.06195560071390235,0.816126426781687,5.678413800073594,7.248469480365525,1.346601776305635,5.406960166069865,9.310907048484683,3.903946882414818,8.444705521462858,7.372257835032499,9.310907048484683,-4.32905365867817,3.2794086612484894,-8.071158916813134,-0.6030521103724837,7.468106806440651,-2.7870249199450017,5.429060954882409,-0.6030521103724837,-1.640697134994878,3.109995536154265,-4.870654610280693,2.6243516012623904,7.4950062115430836,-3.1604402994304897,3.513616537210601,2.6243516012623904
NFA_StandingUp_Polina1,non_fall,standing_up,polina,middle_cut_non_fall,0.013420606656425698,0.3228990819533813,-2.38303992241174,1.3815472968906164,3.7645872193023564,-0.0047246904343366,0.322960681286603,1.3815472968906164,-0.026917953641939284,0.7842017901191886,-5.206229503932595,5.060533331274986,10.26676283520758,-0.0223474408864974,0.7841360439997618,5.060533331274986,-0.01289844213524222,0.39743122873922004,-3.359129226607084,1.238959611642361,4.598088838249445,0.0087840488277375,0.3973730805422114,1.238959611642361,0.5185778309505159,0.7803684718760409,0.0180737538718602,5.309662503248819,5.291588749376959,0.2190065944827862,0.9365245871285548,5.309662503248819,0.04762977199261684,0.21488954687135284,-0.9779155254364014,0.8348593711853027,1.812774896621704,0.010368256829679,0.21996354798918805,0.8348593711853027,0.07329880219256232,0.22917404906329591,-0.3533080816268921,1.5651711225509644,1.9184792041778564,0.0271603614091873,0.24046365995321578,1.5651711225509644,-0.06524214337606228,0.22505525489839256,-1.413702368736267,0.6886740922927856,2.1023764610290527,-0.0226426012814044,0.23417565122124728,0.6886740922927856,0.24880828710108618,0.31507620848968587,0.005531049662439,1.9071360588145605,1.9016050091521215,0.1116521163765259,0.4013040864817886,1.9071360588145605,-0.5046794352166237,1.7982696688954853,-1.9151605448558928,3.4624390866950154,5.3775996315509085,-1.430987619625032,1.8665805137586289,3.4624390866950154,9.284468205329306,0.59753131942958,7.787724837025999,9.72652666197121,1.9388018249452115,9.537896771994232,9.303650519562858,9.72652666197121,2.133952047874134,1.2556763189153837,0.250279998204112,4.852707450179755,4.602427451975643,1.628296636750549,2.4755508996692255,4.852707450179755
NFA_StandingUp_Polina10,non_fall,standing_up,polina,middle_cut_non_fall,-0.011291208424016186,0.5120094304719536,-1.8868670550465585,1.9480819867268204,3.834949041773379,-0.0127063368380069,0.5115970679164022,1.9480819867268204,-0.03674238426280469,0.4287049411702566,-1.9763737229704856,1.8201275147259235,3.7965012376964093,-0.0289139597952365,0.42982860508424137,1.8201275147259235,0.009137331958474345,0.336068276344378,-1.3500842371344566,1.173923952630162,2.5240081897646185,0.0030126258194446,0.33584014315934185,1.173923952630162,0.5216913505058617,0.5363898772616026,0.0146352929364224,2.740433111912508,2.7257978189760856,0.3087820165613474,0.7478454328312849,2.740433111912508,0.09896379277750506,0.21433475687616832,-0.2519963979721069,0.949648916721344,1.201645314693451,0.0220384765416383,0.23587477884790162,0.949648916721344,0.02188526450673927,0.1662324621340703,-0.4548850059509277,0.560520589351654,1.0154055953025818,-0.0039739459753036,0.16749407442300432,0.560520589351654,-0.0497946404237925,0.24275343499432572,-0.8610237240791321,0.5108466148376465,1.3718703389167786,0.0070615503937006,0.2475584679492365,0.5108466148376465,0.2671625866679018,0.2715789876820322,0.0032147628340746,1.2773698977969097,1.274155134962835,0.1616863539559789,0.3807576280479993,1.2773698977969097,2.4386123549227676,0.7185141320316915,1.258503247154504,4.650989822831749,3.3924865756772453,2.4813331233814355,2.542048477914814,4.650989822831749,9.049773282659865,0.7398799847987116,6.627319122138619,9.553021275889874,2.9257021537512546,9.294695333874223,9.079904802552079,9.553021275889874,2.3942590450106986,1.2387288738578601,1.5673647597953675,5.533294635653496,3.9659298758581283,1.8423815782405435,2.6951268472677703,5.533294635653496
NFA_StandingUp_Polina2,non_fall,standing_up,polina,middle_cut_non_fall,-0.0031832094600137578,0.3165240024856455,-1.5122057671532034,2.771387205830216,4.283592972983419,0.00371112947762005,0.3163225519251026,2.771387205830216,-0.016864072353020294,0.7832429694620026,-9.70707494252622,12.354046664136648,22.061121606662866,-0.0272442730173468,0.7828864976455843,12.354046664136648,-0.012037944362299114,0.2883246431833016,-1.3829634472988546,2.664749954885244,4.047713402184098,-0.0039624738901853,0.28837791333595997,2.664749954885244,0.4250927994365971,0.7850322861902197,0.0073426607253218,12.674069015309382,12.66672635458406,0.18574189393471435,0.8922628793983202,12.674069015309382,0.03165730723988388,0.2929828869757485,-0.6361812353134155,1.6571873426437378,2.2933685779571533,-0.0013908075634389999,0.2944881092445281,1.6571873426437378,0.012720871072615617,0.18380158796871704,-0.4783022701740265,1.0601894855499268,1.5384917557239532,-0.00931560341268775,0.18411528738341712,1.0601894855499268,-0.060956523851248445,0.2183579479658602,-1.0418483018875122,0.3087707459926605,1.3506190478801727,-0.00787983834743495,0.2265621249650535,0.3087707459926605,0.25315731509359657,0.3286515232091367,0.0059851456283188,1.6824935939653023,1.6765084483369834,0.09155706683371015,0.41467105276758337,1.6824935939653023,3.6430809015311802,1.6388232000989733,1.702243770362437,6.021833939400315,4.319590169037878,2.640860252992809,3.9942572189272663,6.021833939400315,8.264801978849878,1.3186595925968672,6.201057703128456,9.622373629057408,3.421315925928952,9.092414519685505,8.36919508211544,9.622373629057408,2.8434286782966955,1.445910108939803,-1.0506202290445563,4.638265950337052,5.688886179381608,2.5817336718939248,3.189493833105086,4.638265950337052
NFA_StandingUp_Polina3,non_fall,standing_up,polina,middle_cut_non_fall,-0.00018880409544595378,0.2317724423743807,-0.9067974490433932,1.3782552696079016,2.285052718651295,-0.0015799626678228,0.23164541624099907,1.3782552696079016,-0.010569335705005938,0.48681670473867944,-2.9948540159106254,3.882390884166956,6.8772449000775815,-0.0038619361251591997,0.4866645218845175,3.882390884166956,-0.015443486207396833,0.2158249980575774,-1.0275637631058692,1.0675917490463702,2.0951555121522394,-0.0019894202515482,0.21625877096693824,1.0675917490463702,0.3003961529272819,0.49729581615426455,0.0040913903932716,3.896973837578544,3.892882447185272,0.09752811933564405,0.5807493536343216,3.896973837578544,0.019772464915468753,0.1847087745256683,-0.3920463621616363,1.010908126831055,1.4029544889926913,-0.00752321607433255,0.1856633307926389,1.010908126831055,-0.0028249820987407857,0.15582904132246794,-0.4766393601894378,0.8619531989097595,1.3385925590991974,-0.0073059557471424,0.1557692039095908,0.8619531989097595,-0.04196428849842816,0.160807131159553,-0.871105432510376,0.2796398997306824,1.1507453322410583,-0.00109711335971945,0.1661071366536363,0.2796398997306824,0.15360194696582238,0.2506028763758247,0.0016046666585803,1.1972435043928225,1.1956388377342422,0.043127468540787806,0.29381371332004624,1.1972435043928225,5.141276145858834,1.404402448292619,3.398894835284352,6.765591866797209,3.3666970315128566,4.067413689562678,5.329437492306297,6.765591866797209,7.501619872911333,1.395197123391087,5.886681372588873,9.033207712957262,3.146526340368389,8.68422213359028,7.630120662764799,9.033207712957262,2.868676582024389,1.1492981790804333,-0.1828872546717524,4.053464366926253,4.236351621598005,2.398121317818015,3.0901040915229117,4.053464366926253
NFA_StandingUp_Polina4,non_fall,standing_up,polina,middle_cut_non_fall,-0.005844515401494185,0.3127651801921679,-1.4627993466883895,1.4437167528167365,2.906516099505126,-0.0129646955132484,0.3125890848693716,1.4437167528167365,-0.015563641914611006,0.6071060277234801,-2.4295851082265374,4.130264405751228,6.559849513977765,-0.0132853057697415,0.6068577517663861,4.130264405751228,-0.023809826744513332,0.27521931541103034,-1.146786354857683,1.5038257690817116,2.6506121239393945,-0.01320610305368895,0.2760450328212959,1.5038257690817116,0.4374543890791669,0.5927402352836595,0.0146202999208796,4.228875122838639,4.214254822917759,0.14666405063757298,0.7363349285506795,4.228875122838639,0.029888783322625245,0.36148911834928116,-1.311888575553894,1.4701354503631592,2.7820240259170532,-0.0125446552410721,0.3624568760221566,1.4701354503631592,0.001167663743590353,0.304840037051371,-0.9170639514923096,1.215779185295105,2.1328431367874146,-0.02673671022057525,0.30461738377032344,1.215779185295105,-0.05116702662746539,0.22478812034096166,-1.055159330368042,0.3804070353507995,1.4355663657188416,-0.00491645187139505,0.23037629235796797,0.3804070353507995,0.30199039574238973,0.4316440404345212,0.0066331778390748,1.7814041933053009,1.774771015466226,0.06106436991861295,0.5265358236164197,1.7814041933053009,4.823482131178376,1.259395030537706,3.117074035912752,6.742285225489735,3.625211189576983,4.159878476639837,4.98494898347406,6.742285225489735,7.903749453481104,1.255557953122832,5.900075107169151,9.297809666502475,3.3977345593333244,8.647051509842276,8.002709296562777,9.297809666502475,1.9387048264627866,1.8772155428638726,-3.4805677408427,4.171682750071585,7.652250490914285,1.984217495273426,2.6976502830353235,4.171682750071585
NFA_StandingUp_Polina5,non_fall,standing_up,polina,middle_cut_non_fall,-0.0005172261662242671,0.3037448997559344,-1.233703298549354,1.4022089766472576,2.6359122751966115,0.0082575407356023,0.3035165307121138,1.4022089766472576,-0.019013819237385543,0.6900939946613693,-5.507703682801127,5.201407198342681,10.709110881143808,-0.008135083399713,0.6898362366197739,5.201407198342681,-0.016815116683724585,0.3096337880060569,-1.808885989743471,1.5721920338213442,3.3810780235648155,-0.00140979373268775,0.30985713425926437,1.5721920338213442,0.4801328097656622,0.6588885055657997,0.0081201948693738,5.719201530570572,5.7110813357011985,0.22023769893428818,0.8148667138990364,5.719201530570572,0.04156971532439095,0.32559431870579436,-1.171841025352478,1.3175557851791382,2.489396810531616,0.0011839121580123,0.32799397172908673,1.3175557851791382,0.012377412406256411,0.22867062875843805,-0.5022886395454407,1.1182068586349487,1.6204954981803894,-0.0307253561913967,0.2288333594745833,1.1182068586349487,-0.061188404545460054,0.20082266444810268,-0.7979621887207031,0.451214998960495,1.2491771876811981,-0.009350555483251751,0.2097928164708308,0.451214998960495,0.28312831424740004,0.3521119943750659,0.0105504825960932,1.5192202043848375,1.5086697217887444,0.10991174815434435,0.4516168483812451,1.5192202043848375,4.190359312282802,1.4317633605216549,2.376880815260112,6.2324921213120215,3.8556113060519093,3.218062613446265,4.427862940292127,6.2324921213120215,8.196257090028828,1.2421630282576859,6.28441812338233,9.383019514015317,3.098601390632987,9.056778850419818,8.28970901335753,9.383019514015317,2.3619848085393578,1.50651597068615,-1.7665544761009513,4.501508578677475,6.268063054778427,2.044131646553427,2.8009185186144023,4.501508578677475
NFA_StandingUp_Polina6,non_fall,standing_up,polina,middle_cut_non_fall,-0.01706557865521552,0.20495798050999312,-0.6810588946387172,1.18988344604522,1.870942340683937,-0.0159779058545827,0.20554126166782247,1.18988344604522,-0.008036498485562532,0.480292192532489,-3.2822949932515617,3.167070531225204,6.449365524476766,-0.0094949735760688,0.4800632623140197,3.167070531225204,-0.006987404760298506,0.21690771476707268,-1.0351964499413966,0.8745517144769429,1.9097481644183394,0.0058487260282039,0.21688653033467897,0.8745517144769429,0.3268385126305527,0.4617219610106677,0.0103399869830071,3.329103930881809,3.318763943898802,0.1205704381764171,0.5654623887688687,3.329103930881809,0.027119539920688503,0.27763574066376834,-0.876700222492218,1.4708465337753296,2.3475467562675476,-0.0033711893483996,0.2787867084428848,1.4708465337753296,-0.0036481755091458483,0.11520022047227989,-0.3666602373123169,0.5517796277999878,0.9184398651123047,-0.0161164700984954,0.11518696159284719,0.5517796277999878,-0.042733160412552235,0.21482309565689175,-1.2171157598495483,0.4597459137439728,1.6768616735935211,-0.011855580843985,0.21890221938194693,0.4597459137439728,0.2263909498132301,0.2962492209987884,0.0054695492096156,1.736162151284678,1.7306926020750626,0.1128383042158669,0.3727039664073246,1.736162151284678,4.4309233573097435,1.4370276734081808,1.2029937605742365,5.915363861715793,4.712370101141556,4.850921735806763,4.657851868988355,5.915363861715793,8.002976419701385,1.1555982023111286,6.750046507140993,9.60035878112614,2.8503122739851463,7.924161598429083,8.085876091152539,9.60035878112614,2.4933130525851284,1.697160747684404,-1.900770346584171,4.078092904487252,5.978863251071423,3.1379350376337767,3.0155286390675258,4.078092904487252
NFA_StandingUp_Polina7,non_fall,standing_up,polina,middle_cut_non_fall,0.004128093084912436,0.4193347145757427,-2.248518785371631,2.4792449189305303,4.727763704302161,-0.0083230071872472,0.41913474734841555,2.4792449189305303,-0.021093380485847583,0.6626047522873371,-5.102998262038827,5.284298832041025,10.387297094079852,-0.021867256154119948,0.6625924891445188,5.284298832041025,-0.0070548326475148625,0.4042388387620851,-3.9114033359006046,1.6669839486718177,5.578387284572422,0.00301627908125515,0.4040880612904093,1.6669839486718177,0.4665639440111227,0.7489306831940438,0.0033340527313625,6.062377297947669,6.059043245216307,0.17942788366134854,0.8820373599700815,6.062377297947669,0.04024487944489087,0.2916264974736915,-0.9230186343193054,1.655256271362305,2.57827490568161,-0.005636438261717501,0.29423856018876454,1.655256271362305,0.01784718339013508,0.21361501990374568,-0.6654567718505859,1.397278904914856,2.062735676765442,-0.0043235106859356,0.2142474423768613,1.397278904914856,-0.04133509137611953,0.25172338638892566,-1.4579479694366455,0.7260035872459412,2.1839515566825867,-0.0023219597060233,0.25496410240258244,0.7260035872459412,0.24741460596545,0.36934305931351474,0.0017902945890805,1.9152002146957736,1.9134099201066932,0.10064276065285405,0.4443928334041159,1.9152002146957736,1.9260932566338747,1.6732600749411466,0.0999549875689204,4.804904373258352,4.7049493856894316,1.0747222950460387,2.5508221313948907,4.804904373258352,8.887079599498955,1.1151454174626363,6.901317265060544,9.800684369593858,2.8993671045333143,9.530974279254673,8.956697318802927,9.800684369593858,2.6636373640957616,1.532570229139107,-0.6184613494936376,5.1195414005607365,5.738002750054374,2.0550399209935217,3.0726646933385235,5.1195414005607365
NFA_StandingUp_Polina8,non_fall,standing_up,polina,middle_cut_non_fall,0.0001493651033629371,0.3484047663311504,-1.7436403412424026,1.131586739899218,2.8752270811416207,0.0042626258805394,0.3481138548869904,1.131586739899218,-0.012862689124776637,0.8875104175023653,-3.2526182323902844,8.044246359968184,11.29686459235847,-0.0204915838867425,0.8868625638019281,8.044246359968184,-0.017695481352401905,0.35091605955154415,-1.9557693263590328,1.1443389617055657,3.1001082880645985,-0.0025768647506833,0.3510692687742232,1.1443389617055657,0.5282239360940241,0.8678680709270513,0.0259912147339141,8.130815124107594,8.10482390937368,0.1908129534167687,1.01536106608205,8.130815124107594,0.028939073740929147,0.23756939697609356,-0.6216645240783691,1.3124290704727173,1.9340935945510864,-0.0079172030091285,0.23912855531547497,1.3124290704727173,-0.018408811259750444,0.2097097331796524,-0.4991237223148346,1.3206580877304075,1.819781810045242,-0.0199481230229139,0.21034171531842105,1.3206580877304075,-0.023533831429799937,0.15529885665911078,-0.4727089405059814,0.6346055269241333,1.1073144674301147,0.002051065210253,0.15694366113686564,0.6346055269241333,0.21840391552391286,0.2801574158242548,0.0057655828716675,1.397762019328232,1.3919964364565647,0.0922492094245856,0.3550456533199712,1.397762019328232,3.246509764692435,0.732879800369015,1.9203766720689832,4.306410953991115,2.386034281922132,2.8409061477363107,3.328068775064374,4.306410953991115,8.713919200976205,0.6531188187137669,7.744770661440492,9.587615034887197,1.842844373446705,9.158850693145396,8.738320199289006,9.587615034887197,2.6551112545013495,1.2997356735870325,-0.320977409305051,4.203141425913572,4.524118835218624,2.069098622288555,2.9556908453416173,4.203141425913572
NFA_StandingUp_Polina9,non_fall,standing_up,polina,middle_cut_non_fall,-0.0003360828255206974,0.40906738803940296,-1.501371946188807,2.017387870404124,3.5187598165929312,0.0007587094128131,0.4087928921309093,2.017387870404124,-0.0006863173575169222,0.6843888268136701,-5.730441594085097,6.567503828123211,12.297945422208308,-0.0059802434533834,0.683929695571939,6.567503828123211,-0.02295479411783221,0.3570973697301603,-2.288653373491764,2.160778250337392,4.449431623829156,0.0006634323447942,0.35759514569851136,2.160778250337392,0.4692859535212843,0.7370519845702866,0.0044073957104391,6.761534580861902,6.757127185151463,0.1986770368629951,0.8733531618818462,6.761534580861902,0.03109612424932921,0.40513566716339283,-1.4041060209274292,2.551283121109009,3.955389142036438,-0.0040631806477904,0.4060561074992235,2.551283121109009,-0.016964879576991863,0.2378888276454329,-1.1574029922485352,1.4219341278076172,2.5793371200561523,-0.022139772772789,0.23833367419891124,1.4219341278076172,-0.03947575463750867,0.1867745279677971,-1.1991426944732666,0.6532055735588074,1.852348268032074,-0.009937085211277,0.19077797139216265,0.6532055735588074,0.2871429659535237,0.41936346470528774,0.0039071418172636,2.7455158828338497,2.741608741016586,0.1230368583495182,0.5080164732201925,2.7455158828338497,4.670600197994056,0.9342278947269184,2.94668152115494,5.746766121420264,2.800084600265324,5.185157489809393,4.762994483478648,5.746766121420264,7.678129203892945,1.1495070464427224,6.255110780355334,9.184878868371248,2.929768088015914,7.508027021157741,7.76358556823159,9.184878868371248,3.0290241684481036,2.0103353596067954,-3.0421123184308407,5.076753813713789,8.11886613214463,3.593618073700368,3.634695435434114,5.076753813713789
NFA_StumblingForward_Lukas1,non_fall,stumbling_forward,lukas,middle_cut_non_fall,-0.05101890228680588,3.0933737538581187,-24.311495226120947,9.711638304919004,34.02313353103995,0.0799140791922807,3.089775018479936,9.711638304919004,-0.3042701520291241,4.069472817588702,-28.94194904140234,11.872612223958969,40.814561265361306,0.0023573767811059,4.075558215710331,11.872612223958969,0.06162865207490344,4.910989488631603,-64.74580162136554,21.1899379073143,85.93573952867985,-0.0083669924594461,4.90499461423963,21.1899379073143,3.8210414035490508,5.97563786456009,0.0325612088660396,67.12086636186035,67.08830515299431,1.830906954175118,7.086314740412427,67.12086636186035,-0.019238340373864616,1.355550339595385,-6.814481735229492,6.328032970428467,13.142514705657959,-0.0050187343731522,1.3539254285993572,6.328032970428467,-0.04893484063591663,1.6763627392921532,-6.627108097076416,12.15021800994873,18.777326107025146,-0.0109579591080546,1.6748992364401074,12.15021800994873,0.010493633683541084,0.7167532093142359,-4.093267917633057,3.027718067169189,7.120985984802246,0.0176957566291093,0.7158986676640948,3.027718067169189,1.4417208452051005,1.755093828169397,0.0256466163322817,13.152020271514024,13.126373655181743,0.7717468521899298,2.269562164999856,13.152020271514024,-3.507592629723761,1.5373177037691497,-6.1129299223423,0.7451865719605237,6.858116494302823,-3.642613575276733,3.828891904728675,0.7451865719605237,-8.840057018335786,0.5689150278538803,-9.748379012817145,-7.074932541257143,2.673446471560002,-8.861981962245702,8.85829733695077,-7.074932541257143,-0.7946663493911466,1.5541311399371311,-6.765287915414572,4.166865997439623,10.932153912854195,-1.039009870749712,1.7437157564191512,4.166865997439623
NFA_StumblingForward_Lukas10,non_fall,stumbling_forward,lukas,middle_cut_non_fall,0.0021543392195359744,3.888952118980961,-26.321231120467186,21.13132205221653,47.452553172683714,0.0573442277267575,3.8855517954792482,21.13132205221653,-0.37026527759201977,5.048784354226026,-46.34897584495544,45.76148458406925,92.1104604290247,0.035555589766800344,5.057939946613486,45.76148458406925,0.165161911227349,4.28295690260936,-42.14609043962955,38.37736451308727,80.52345495271683,-0.0090302741071907,4.282397558175545,38.37736451308727,3.7862456626117775,6.690425754538502,0.0672541961092115,53.49625984843173,53.429005652322516,1.2948320746280981,7.682395336427847,53.49625984843173,-0.015941688014272527,1.4876313461495274,-10.8104248046875,9.7422456741333,20.5526704788208,0.00734468270093195,1.4864158893587431,9.7422456741333,-0.018450500435233313,1.9923913579317944,-18.15181541442871,11.483528137207031,29.635343551635742,-0.04629004932940005,1.9907344984233817,11.483528137207031,0.05100427874953362,0.9919207484536082,-5.450902938842773,7.739349842071533,13.190252780914307,0.009623740799725,0.9923648980746128,7.739349842071533,1.5140858806431998,2.207556985737618,0.0157533525974181,18.695147143992937,18.67939379139552,0.7000698487278831,2.6753026240561595,18.695147143992937,-3.2126419028991724,1.001846968712822,-5.970970598125457,0.2935170458516106,6.264487643977068,-3.3256020739279686,3.36496814685341,0.2935170458516106,-9.072593101386095,0.5659641668074171,-9.80366543123126,-5.142090501499176,4.661574929732083,-9.212890326368807,9.090198074266803,-5.142090501499176,-0.5473308327647901,1.3854452911785888,-7.168037525933981,3.105801531270146,10.273839057204126,0.02083520398442045,1.4885140235801901,3.105801531270146
NFA_StumblingForward_Lukas2,non_fall,stumbling_forward,lukas,middle_cut_non_fall,0.09704178235721958,2.734562613720151,-26.23212660360336,20.07853967670202,46.310666280305384,0.06743840930499134,2.7341679179381457,20.07853967670202,-0.20460491846374496,2.985271060410241,-23.565872089374064,18.660750269085167,42.22662235845923,0.0283127790316939,2.9899684034636618,18.660750269085167,0.11200946854756548,3.6273606973415067,-35.896901450538635,33.40024946973324,69.29715092027187,0.03883855696022505,3.626282355577581,33.40024946973324,2.8876069274487737,4.610872548043995,0.0165066351750218,43.67824944939865,43.66174281422363,1.2064714654750408,5.437417491747947,43.67824944939865,-0.013904030921442965,0.972290323377668,-4.252975463867188,7.2183308601379395,11.471306324005127,-0.0044541517272591,0.9716369729897656,7.2183308601379395,-0.031346072815683024,1.9532154168059102,-22.25594139099121,14.23507308959961,36.49101448059082,-0.012112907599657701,1.9519547612215538,14.23507308959961,-0.01723792354126487,0.7053251419616995,-4.939192771911621,4.7318878173828125,9.671080589294434,0.0091539872810244,0.7049897896477548,4.7318878173828125,1.2442061481740454,1.9258527478473615,0.0045385177684044,22.39733299916476,22.392794481396354,0.5824068714518382,2.291553272486545,22.39733299916476,-2.5779269456737386,1.0002017526865092,-5.100807473996281,1.7852648756593466,6.8860723496556275,-2.608094878466427,2.7648801549086115,1.7852648756593466,-9.283247743209674,0.3629414676939748,-9.768599963068962,-7.392310391700267,2.3762895713686945,-9.397457496951517,9.290328910204137,-7.392310391700267,-0.7932277255858301,1.2605018392359222,-5.831675524681806,2.472304306012392,8.303979830694198,-0.7616954794192686,1.4884943964244268,2.472304306012392
NFA_StumblingForward_Lukas3,non_fall,stumbling_forward,lukas,middle_cut_non_fall,-0.015249095050593875,3.1465315729954972,-17.394487639975548,23.02519401758909,40.41968165756464,-0.061583326601237,3.1436099010266583,23.02519401758909,-0.3277574989979597,4.086195912424596,-31.462096464085576,23.096479969167707,54.55857643325328,0.013811959992349099,4.095489797337169,23.096479969167707,0.04216475848140268,4.119135234827414,-35.02822710366249,30.161965467643736,65.19019257130623,0.10617025448773054,4.115478049441974,30.161965467643736,3.7575062420662677,5.434071419642893,0.0972782756315651,38.72496846146184,38.627690185830275,1.8519319300478163,6.602460107063457,38.72496846146184,0.007994510852241588,1.1265841581239195,-4.653718948364258,7.730834484100342,12.3845534324646,0.11492217332124705,1.125553232212744,7.730834484100342,0.03484063365153576,1.669512257633989,-6.743313789367676,12.440230369567873,19.183544158935547,-0.014271445572376201,1.668306271823328,12.440230369567873,-0.09599481420363895,0.9446885396862721,-7.778919696807861,3.930919885635376,11.709839582443237,0.0013778014108538502,0.9486695574692596,3.930919885635376,1.586776601165541,1.5610286073371875,0.0538107021566955,14.499795967198017,14.44598526504132,1.1113338886866784,2.2248797325739944,14.499795967198017,-2.079899536258992,1.803230568984846,-4.72778956939578,5.343851675727963,10.071641245123743,-2.118033187457919,2.751637777702058,5.343851675727963,-9.29543782939695,0.35489146577379277,-9.778054020112751,-7.806826427859067,1.9712275922536842,-9.407316043142973,9.302197355914966,-7.806826427859067,-0.8611400820176384,1.1527949258044141,-5.927533607459068,2.7557340018853544,8.683267609344423,-0.8621085220871493,1.4380543736426612,2.7557340018853544
NFA_StumblingForward_Lukas4,non_fall,stumbling_forward,lukas,middle_cut_non_fall,-0.11547459635232564,2.715770462749909,-16.669763498872516,12.641484134346246,29.311247633218763,0.0155731244459748,2.715431429743694,12.641484134346246,-0.18010882728944225,3.571467381915058,-17.571334737700223,13.74060039101243,31.311935128712655,0.03916705826222895,3.5723343647275176,13.74060039101243,-0.1009911322610008,3.5848777589148777,-28.329917213499545,22.55717435477972,50.88709156827926,-0.04808306290656325,3.58261142899325,22.55717435477972,3.335284766960303,4.6787994598622396,0.0124380675565872,31.72682561518236,31.714387547625773,1.397160863968687,5.7419722495155,31.72682561518236,-0.054268720359522314,1.1326238828883506,-6.537397384643555,7.867622375488281,14.405019760131836,-0.0208092806860804,1.1327587439882776,7.867622375488281,0.02941791762822066,1.590893734079162,-7.650325298309326,15.135259628295898,22.785584926605225,-0.015606151893734899,1.589528416111167,15.135259628295898,0.022702740431320565,0.8204233398319591,-4.93837308883667,5.61670446395874,10.55507755279541,-0.00011783523950720001,0.8198932265524238,5.61670446395874,1.3024493346622164,1.6707295063031822,0.0170091329298721,15.744540982199805,15.727531849269933,0.7693996997690133,2.117065861198777,15.744540982199805,-3.529208448428315,1.6537143901397213,-5.322053100895881,1.3344983993373811,6.656551500233262,-3.951686830972135,3.89672381048558,1.3344983993373811,-8.847395045296905,0.5876074304158798,-9.792414553898572,-7.557961557149887,2.2344529967486855,-8.897157612784206,8.866846740641291,-7.557961557149887,-0.8663710245808383,1.2718843266309066,-5.416814620608091,3.874303439301252,9.291118059909342,-1.1623668588925151,1.5378426164110532,3.874303439301252
NFA_StumblingForward_Lukas5,non_fall,stumbling_forward,lukas,middle_cut_non_fall,-0.13703384405289354,2.7217633353583732,-21.020064155733586,12.790645937287806,33.81071009302139,0.0072983403146266,2.722347910865448,12.790645937287806,-0.25435245696363323,3.734499851554599,-23.68999180551767,20.201925233352185,43.891917038869856,-0.0018786533534526,3.7392276319921582,20.201925233352185,0.09821404732271792,4.126597442228704,-56.39800602982044,22.60537402980328,79.00338005962372,0.0113924046952277,4.123421192463541,22.60537402980328,3.25744588201885,5.276672009237603,0.0327096930554245,56.93721653854777,56.90450684549235,1.055871086505313,6.196418623858833,56.93721653854777,-0.057602555016055705,1.401222003324903,-7.62495231628418,6.127874851226807,13.752827167510986,-0.0083029493689537,1.400930988530472,6.127874851226807,0.0294843112681012,1.7341825586613384,-12.380712509155272,12.041629791259766,24.42234230041504,-0.0190662257373332,1.732607031557936,12.041629791259766,0.03523942690955377,0.8666954438214176,-4.7253007888793945,8.556747436523438,13.282048225402832,0.0060409842990338,0.8664995198999798,8.556747436523438,1.333568496667792,1.986267113814612,0.0115595832613009,12.539664409334602,12.528104826073301,0.6009204942666577,2.3906811118206175,12.539664409334602,-4.510066474681014,1.2502114844860412,-6.599653116577863,-0.0077711100671731,6.59188200651069,-4.982851541179418,4.679790355894995,-0.0077711100671731,-8.408733205736453,0.5995651454242767,-9.50759515723288,-5.359520954024792,4.148074203208087,-8.415712358951568,8.430036517851363,-5.359520954024792,-0.8662052634962875,1.5682156894713295,-8.150974211806059,5.09265982337594,13.243634035181998,-0.4507223814519122,1.7900934424168644,5.09265982337594
NFA_StumblingForward_Lukas6,non_fall,stumbling_forward,lukas,middle_cut_non_fall,-0.05830454394716492,3.3328616390099595,-25.83393392573595,17.604113556230068,43.43804748196602,0.0189528300121426,3.330416062326465,17.604113556230068,-0.2314296429630448,3.4258608019762713,-23.56364155384302,21.613374916553497,45.17701647039652,0.0157601714506745,3.4306373281904166,21.613374916553497,0.055684111879457036,3.5995855809987414,-26.875435028779503,23.25761628754139,50.13305131632089,0.01447334651052945,3.596824104956541,23.25761628754139,3.5120761805995766,4.84820418815279,0.0351390303091722,37.858286663178255,37.82314763286908,2.0004904540113695,5.983150279557753,37.858286663178255,-0.012190388520751879,1.1173704826717619,-4.086370468139648,6.916755199432373,11.003125667572021,0.0271317865699529,1.1164460214702752,6.916755199432373,-0.011777768197018614,1.4587698108544747,-6.365832328796387,10.531230926513672,16.89706325531006,0.0493848137557506,1.4575235883652407,10.531230926513672,-0.013683782026612577,0.7626137467389829,-4.262399196624756,6.4123382568359375,10.674737453460693,-0.012135317549109449,0.7620602357278607,6.4123382568359375,1.3901795974243767,1.4221635980431127,0.0064789531093655,13.102700027182884,13.096221074073519,1.013706795555339,1.987853750248115,13.102700027182884,-4.228508446727251,1.2188680286517204,-6.833464210540056,0.0487130861721001,6.882177296712156,-4.572263930510729,4.400373716302962,0.0487130861721001,-8.623098248449041,0.4838470510847198,-9.7927757884264,-7.033053885948657,2.759721902477743,-8.589166014845668,8.636638019866131,-7.033053885948657,-0.7425888843472416,1.291162450834024,-5.928959840869903,2.966286385335028,8.895246226204932,-0.8306130213661118,1.4884834139804053,2.966286385335028
NFA_StumblingForward_Lukas7,non_fall,stumbling_forward,lukas,middle_cut_non_fall,-0.07546459001392124,3.0443071223027522,-20.696748731935024,11.75850770587325,32.45525643780827,-0.0048959553480148,3.041896111830995,11.75850770587325,-0.20342993797595685,3.841064615208318,-28.07611547091007,11.763149978721142,39.83926544963121,0.0457826770097017,3.8422305023934498,11.763149978721142,0.11233376661247745,3.8943769904243632,-25.846777040696143,28.111448650097845,53.95822569079399,0.0102718762326985,3.8917166870416886,28.111448650097845,3.5303104656699498,5.172720817871727,0.0128055224767691,40.93349545708168,40.920689934604916,1.644617209463497,6.25790108270288,40.93349545708168,-0.03449497409292834,1.3126510393230568,-6.383791446685791,5.307478427886963,11.691269874572754,0.0054677845910191,1.3116614369380601,5.307478427886963,-0.03028194921162839,1.898448263003701,-10.330474853515623,12.817987442016602,23.148462295532227,0.0416824370622634,1.8966026711162847,12.817987442016602,0.006219021287736493,0.6145306156618344,-3.9386823177337646,3.914224147796631,7.8529064655303955,0.0223938282579183,0.6138864377685317,3.914224147796631,1.520148646213207,1.8414708384919056,0.0143960170063306,13.087774988557912,13.073378971551582,0.8197561339741033,2.386297126451771,13.087774988557912,-5.158547254751438,0.902896344925747,-6.738343209865689,-2.747836234372854,3.990506975492835,-5.35775160626471,5.236796720601141,-2.747836234372854,-8.106492708785396,0.5754731589868868,-9.127950527969002,-6.291498437032103,2.8364520909368993,-8.17396696485877,8.126848438943911,-6.291498437032103,-0.6394320799901767,1.515538407708485,-3.882093947046995,2.772924206139148,6.655018153186143,-0.198849506299477,1.6433751895210156,2.772924206139148
NFA_StumblingForward_Lukas8,non_fall,stumbling_forward,lukas,middle_cut_non_fall,-0.05936549640193851,3.2595633477271755,-22.91338667052984,25.8925567950964,48.80594346562624,-0.0163733349129557,3.2567902071125023,25.8925567950964,-0.2226037076718136,3.483375762176217,-28.632531210052964,28.207109164476392,56.83964037452935,0.03666793492287394,3.4869466154779394,28.207109164476392,0.046352037681882154,3.240238123042651,-25.63123810100556,25.68365334789753,51.31489144890309,-0.07897855190783734,3.2372753796488203,25.68365334789753,3.1435804866077017,4.838482812068379,0.0423723279396488,42.872527440260704,42.83015511232106,1.205792993897294,5.765885104302493,42.872527440260704,-0.028792765688830685,1.2136085414518916,-7.209813117980957,4.934392929077148,12.144206047058105,-0.0070965969935059,1.212716424575983,4.934392929077148,0.011905773605524781,1.1267067298088143,-5.70892858505249,7.321825504302978,13.030754089355469,-0.0129618630744516,1.125624085926399,7.321825504302978,0.022472156346841844,0.6882337077603441,-4.602059364318848,3.772753953933716,8.374813318252563,0.01682970765978095,0.6879010824783574,3.772753953933716,1.1296493702807986,1.3923905560230134,0.0208887263722325,8.131340087298765,8.110451360926533,0.5762861319143193,1.791903627020408,8.131340087298765,-4.044512984302454,1.0264823737175763,-5.863672837445139,-1.0775543401341885,4.786118497310951,-4.525937648143619,4.172482444067784,-1.0775543401341885,-8.724829833965536,0.43755409585289495,-9.584559154447913,-6.225663736596704,3.358895417851209,-8.633670927004516,8.735772437806872,-6.225663736596704,-0.12367695972123462,1.5609977834108497,-7.500023747444152,2.520160574425757,10.020184321869909,0.4333099310158751,1.5643073225186739,2.520160574425757
NFA_StumblingForward_Lukas9,non_fall,stumbling_forward,lukas,middle_cut_non_fall,-0.12028444942856115,3.1670736404361413,-16.57279950067997,27.883183499825,44.45598300050497,-0.025858444682136147,3.1667618456514774,27.883183499825,-0.3225890392847011,3.435794328543183,-23.50203762284517,26.16930219089985,49.67133981374502,0.045789691272377905,3.4481001170957963,26.16930219089985,0.04907843136433947,3.549348658697701,-27.77670933048725,21.87830127974749,49.65501061023474,-0.00767828182621155,3.546777740125387,21.87830127974749,2.7652355218525404,5.186036055198799,0.0334735513896521,32.16648580743417,32.133012256044516,0.5107969583751141,5.873449356420718,32.16648580743417,0.04855094927927998,1.3184708333599984,-9.543251037597656,6.692343235015869,16.235594272613525,0.0074686962179839,1.3182840186597176,6.692343235015869,0.10386289544470349,2.208969958753257,-23.75906753540039,12.41306972503662,36.17213726043701,-0.0014809329586568999,2.2096009866605524,12.41306972503662,-0.22182390640268376,1.2307154546565084,-5.785625457763672,7.592888832092285,13.378514289855957,0.00300788297317915,1.2495532504588993,7.592888832092285,1.3978680122370029,2.497555503844406,0.0063949896316046,24.018753145316985,24.01235815568538,0.28102565213699554,2.8603483354020542,24.018753145316985,-1.5485901603554764,2.2856211461404623,-4.904934188762307,7.286976040047406,12.191910228809714,-2.261013963676989,2.7592809695736227,7.286976040047406,-8.314215808898334,3.229390633276956,-9.795130827119946,3.4999700681880115,13.295100895307957,-9.508701364909111,8.918410829131084,3.4999700681880115,0.2399954093389872,2.995967696933628,-8.043743086621165,9.476650568392872,17.520393655014036,-0.06655844584939766,3.0031160108386468,9.476650568392872
NFA_StumblingForward_Polina1,non_fall,stumbling_forward,polina,middle_cut_non_fall,-0.00500814668151039,0.8389983927444415,-2.859806078517437,11.076203487348556,13.936009565865993,-0.0413915293786674,0.8385299152529035,11.076203487348556,-0.06349218317044356,1.5258481395514587,-9.429051197350026,18.723718474173545,28.152769671523572,-0.0498725766718387,1.5262901197934644,18.723718474173545,0.0082089041834975,0.8229878097809602,-10.882281336182356,7.515057650446892,18.397338986629247,0.020182225676625948,0.8225545643438805,7.515057650446892,0.8598153934364088,1.724364538957485,0.0154898910763964,24.20618188321569,24.190691992139296,0.3296999409905258,1.9259517023736965,24.20618188321569,0.04993880907028553,0.3817495278708426,-3.814563512802124,2.711925506591797,6.526489019393921,0.0121631566435098,0.38478395478887006,2.711925506591797,-0.0459812163476712,0.1828265080067323,-0.8753387331962585,1.0444681644439695,1.919806897640228,-0.01369414431974285,0.18841787497287316,1.0444681644439695,0.06342708027475269,0.3171046701696351,-1.4106063842773438,3.656967878341675,5.0675742626190186,0.00820407969877115,0.32320661990898086,3.656967878341675,0.27151398861800446,0.46319524807852297,0.0074664389410672,4.471247174858791,4.463780735917724,0.1305889223763202,0.5366772835002847,4.471247174858791,4.983529429834738,1.8606126836814787,1.6555941012598574,6.583530249294638,4.927936148034781,6.318715822042524,5.3191594069175965,6.583530249294638,7.698418274244979,1.2585115566025877,6.416050114852189,9.4233170376122,3.007266922760011,6.786310537438094,7.800491686413629,9.4233170376122,-1.4612086261615005,2.2135433937600277,-3.521614036980272,2.497770171180368,6.01938420816064,-3.0415698821172112,2.6512751844905837,2.497770171180368
NFA_StumblingForward_Polina2,non_fall,stumbling_forward,polina,middle_cut_non_fall,0.07286538804211314,0.9711260090687226,-4.823580139894784,6.9561413266599175,11.779721466554701,0.0276969852209091,0.9730443885976503,6.9561413266599175,-0.04280244662704777,0.879386526570685,-5.621026110598445,5.656047739619017,11.277073850217462,-0.0480050292342901,0.879691632367267,5.656047739619017,-0.061752070014643556,0.693351081833609,-6.254383635124563,4.764172549897432,11.018556185021996,0.015872984175384,0.695516921695029,4.764172549897432,0.9448616037987425,1.1462346393669038,0.0341766484953313,9.7514839749706,9.71730732647527,0.5154549515235843,1.4847277658219,9.7514839749706,0.05417691914862337,0.19739762959904333,-0.8432655930519104,1.1877521276474,2.0310177206993103,0.0307160653173923,0.20453775532291324,1.1877521276474,-0.018833132093332365,0.22998995693228197,-1.31462562084198,1.0994610786437988,2.414086699485779,-0.0179494246840477,0.23056770193833115,1.0994610786437988,0.06478210207436802,0.4340217233009896,-2.4658212661743164,3.253779888153076,5.719601154327393,-0.0018269657157361,0.4384701144589475,3.253779888153076,0.33100040495756405,0.42188869686952474,0.0139419955999238,3.265612318687562,3.2516703230876383,0.1980455262263127,0.5359600729562806,3.265612318687562,3.031558908686384,1.5808629557609806,0.1092153760709799,4.3933974557876585,4.284182079716679,4.032961969384551,3.4183754852571906,4.3933974557876585,9.095836501751968,0.34667427264496364,8.733400590518116,9.682373047468063,0.9489724569499476,8.880869618067145,9.102429533167156,9.682373047468063,-0.13581491825810732,1.2708784976879681,-1.2473236814923585,2.4018282095119354,3.649151891004294,-0.9294557825099676,1.277056159262632,2.4018282095119354
NFA_StumblingForward_Polina3,non_fall,stumbling_forward,polina,middle_cut_non_fall,0.010683589535409025,0.7537362917723733,-2.4181036370083686,4.9052965923339125,7.3234002293422815,-0.0025828926326707,0.7533437458958127,4.9052965923339125,-0.05150745317438374,1.0243418984275623,-5.5532139726102345,6.7950032547205685,12.348217227330803,-0.0393055899500846,1.0250004359784042,6.7950032547205685,-0.016567544687693406,0.6481881461509768,-8.299031268376112,2.7868811275601386,11.085912395936251,-0.0073930328607559,0.6479972480838568,2.7868811275601386,0.8965877157789747,1.111628826945837,0.0109556843233862,10.05147425442008,10.040518570096694,0.541874247062919,1.4276039810677554,10.05147425442008,0.042355584610334555,0.1817449387590431,-1.1774344444274902,1.4168715476989746,2.594305992126465,0.0193829908967018,0.18650518957216383,1.4168715476989746,-0.04189171841576325,0.24355383567890163,-1.5199955701828003,1.7022494077682495,3.22224497795105,-0.0178125333040952,0.24698117216555746,1.7022494077682495,0.04615791408802088,0.32702826592886924,-0.997173309326172,2.41004490852356,3.407218217849732,0.0014702710323035,0.3300684561248387,2.41004490852356,0.285895595686157,0.35092129506641867,0.012642937740189,2.7470301115200617,2.7343871737798726,0.1876068300878356,0.45246996681576124,2.7470301115200617,2.9603160171702134,1.8227310287319407,0.3267791909189894,4.906050041049719,4.5792708501307295,4.514479411670566,3.47587286645287,4.906050041049719,8.990249323731348,0.4191999959808223,8.481347737422585,9.572465981072186,1.0911182436496016,8.69510797700286,9.000005180167358,9.572465981072186,0.6553970640385023,1.6316757101891548,-1.1130431482750922,2.995076134228706,4.108119282503798,-0.0496345301322639,1.757442359875025,2.995076134228706
NFA_StumblingForward_Polina4,non_fall,stumbling_forward,polina,middle_cut_non_fall,0.007526904760872155,0.9318527035435133,-7.000972402033209,6.786890090891719,13.787862492924928,-0.0101607440084218,0.9313888974087308,6.786890090891719,-0.04462505899066004,0.9714419647965101,-5.772081179940701,8.44008575270772,14.21216693264842,-0.0584802460193634,0.9719517195239967,8.44008575270772,-0.004655590791060929,0.5818968966854562,-4.247183981257677,4.18540820082426,8.432592182081937,0.0104003979831933,0.5816069135160479,4.18540820082426,0.8340239793647052,1.206810030423263,0.0376341044846626,9.784554623369486,9.746920518884822,0.4139161250815759,1.4664385514407239,9.784554623369486,0.02511054336454834,0.13980793833627012,-1.0180426836013794,0.9863308072090148,2.0043734908103943,0.004937591496855,0.14197207918830684,0.9863308072090148,-0.04409481012109323,0.30275509997155037,-1.3800082206726074,2.155614137649536,3.5356223583221436,-0.0153619339689612,0.30579045394573473,2.155614137649536,0.028154555043997692,0.32542199780909375,-1.334937334060669,2.935624361038208,4.270561695098877,-0.0010489537380635,0.32646570266457225,2.935624361038208,0.28873278609820735,0.37016538334280413,0.0090943677052147,3.154084334660846,3.144989966955631,0.1468875112042821,0.4693013189941642,3.154084334660846,4.236484308415632,1.7962358864881969,0.2573890447580255,5.541706490167975,5.2843174454099495,5.345334607762098,4.601178236840361,5.541706490167975,8.545104774946335,0.5208306225995414,8.089750804558395,9.544238834497332,1.4544880299389362,8.221669211754202,8.56094577082583,9.544238834497332,0.6249675578899179,1.1491611876502732,-0.3035864217821508,3.324380569308996,3.6279669910911467,-0.0358346007877145,1.3075761888815227,3.324380569308996
NFA_StumblingForward_Polina5,non_fall,stumbling_forward,polina,middle_cut_non_fall,-0.021196853576559455,0.7783093011762643,-3.411935810904205,8.986703735935688,12.398639546839892,-0.019333061501383753,0.7781767695540653,8.986703735935688,-0.05048119933528429,0.7750581550492409,-4.896911625826358,4.854558338743448,9.751469964569807,-0.04686638059318065,0.7762817597884539,4.854558338743448,-0.0007665746601277276,0.7199415638860983,-7.869495942261815,4.723603223621845,12.593099165883661,0.010394552764296499,0.7195522879902505,4.723603223621845,0.7643578066221416,1.0690753118734833,0.0286195038067709,12.300153381280536,12.271533877473765,0.455493343797706,1.313745770842237,12.300153381280536,0.03483587942031732,0.15196477969888106,-0.8363438844680786,1.4020954370498655,2.2384393215179443,0.0085784895345568,0.15582631363540964,1.4020954370498655,-0.03595517107433724,0.2338354800592627,-1.0183377265930176,1.189602971076965,2.207940697669983,-0.003935364075005001,0.23645851564335663,1.189602971076965,0.044590980787680874,0.2742100118540139,-0.8429661989212036,2.6760268211364746,3.5189930200576782,0.008459567092359,0.2776654650584353,2.6760268211364746,0.25942442157786444,0.30014837761830454,0.0106565073945267,2.8596011971878776,2.848944689793351,0.16997900371554395,0.3966012860891625,2.8596011971878776,3.3261547945837955,1.9348549701414128,0.0560934330812189,5.089980375033616,5.033886941952398,4.742320491312444,3.8474560281909325,5.089980375033616,8.865972180049866,0.5198400864776698,8.304614036944509,9.634474985739589,1.3298609487950799,8.548295367535948,8.881182576222391,9.634474985739589,0.3542292150342352,1.5392051019943942,-1.2239026930902153,2.89740807942003,4.121310772510245,-0.7771412511585281,1.5786280958790968,2.89740807942003
NFA_StumblingForward_Polina6,non_fall,stumbling_forward,polina,middle_cut_non_fall,-0.0007617408865292292,0.6194496688400141,-2.13676930597946,3.0931095152184365,5.229878821197897,-0.0205531048156321,0.6191390906308885,3.0931095152184365,-0.028662739798977183,0.7749658673049507,-3.92091263026297,5.156602426454424,9.077515056717395,-0.0369201561182737,0.7751068727013612,5.156602426454424,0.001123323255955872,0.5895159321558158,-5.5382969739854335,2.762970967401564,8.301267941386998,0.00155486475918435,0.5892209868864816,2.762970967401564,0.7209004400188617,0.9013453782319083,0.0253319988470996,6.2155445870980985,6.190212588250999,0.3487953878907134,1.1538220179228713,6.2155445870980985,0.01223327545542644,0.18110494379443745,-0.5867083072662354,1.0739378929138184,1.6606462001800537,-0.00997093459591265,0.18142690806932044,1.0739378929138184,-0.030520649536383754,0.2993837634131207,-1.43304181098938,1.6401493549346924,3.0731911659240723,-0.010066062677651599,0.30078589934258887,1.6401493549346924,0.026130433598520172,0.2139805472618154,-0.5665517449378967,1.8725943565368648,2.4391461014747615,0.02144272252917285,0.21546346002434566,1.8725943565368648,0.26903321077588715,0.31230023607127416,0.0067032954809084,2.134292217297576,2.1275889218166673,0.16077616987928517,0.4120829805034254,2.134292217297576,3.7527150354014833,1.4573908580657762,1.0341579737391322,5.123839974537492,4.089682000798359,4.639451214598864,4.025509375459973,5.123839974537492,8.794897143788464,0.3672855819527819,8.343408754763006,9.39759632090032,1.0541875661373137,8.59929344110638,8.802555255610063,9.39759632090032,0.5276480483865855,1.4847504356786563,-1.0322563779015093,2.977209930409491,4.0094663083110005,-0.48556361240427937,1.5750184068794444,2.977209930409491
NFA_StumblingForward_Polina7,non_fall,stumbling_forward,polina,middle_cut_non_fall,-0.007346383540990176,0.9965230275810082,-1.9510421517066656,10.286918903529644,12.23796105523631,-0.0156290193516761,0.9958597727880241,10.286918903529644,-0.04104162805832488,1.6977568583397633,-8.184629813170433,18.12643764067888,26.31106745384931,-0.06397942795753475,1.6970770611531354,18.12643764067888,0.009874706878295158,0.5514583336311045,-3.098503775477409,1.972038616375625,5.070542391853034,0.02704480492249125,0.551164770022825,1.972038616375625,1.065074645171482,1.745114288834174,0.0218643270537668,20.6989967239772,20.677132396923433,0.6313486031183535,2.0434260060652774,20.6989967239772,0.030484058035774947,0.16443564040486053,-0.7892358303070068,0.6171980500221252,1.406433880329132,0.0044457595795392504,0.1671254241000024,0.6171980500221252,-0.017532676936274295,0.21704944726261857,-0.9509498476982116,0.5874472260475159,1.5383970737457275,0.00035304832272225,0.21760654257034667,0.5874472260475159,0.05859411617971883,0.27974668062976393,-1.308002471923828,2.670635938644409,3.9786384105682373,0.023096751421689897,0.2856275282744201,2.670635938644409,0.2621697978180467,0.2970788359485059,0.0137079075627822,2.874810097395146,2.8611021898323634,0.17294056090422485,0.39606388330442405,2.874810097395146,3.0313026111701595,1.7548177868750767,0.5278953817751258,5.109665318712592,4.581769936937466,2.865656704241782,3.5019874227070913,5.109665318712592,9.027947317926072,0.465044562206613,8.36839414293766,9.589014380291104,1.2206202373534438,9.282889160746336,9.039900424345076,9.589014380291104,1.125834075055373,0.9593977778663065,-0.0594404282544506,2.6055072000607846,2.664947628315235,0.8258967334339395,1.4787398714485902,2.6055072000607846
NFA_StumblingForward_Polina8,non_fall,stumbling_forward,polina,middle_cut_non_fall,-0.014542760089539258,0.8882619420131131,-5.186442853444815,9.7618873136878,14.948330167132616,-0.0343973596423864,0.887890159898163,9.7618873136878,-0.026321946239402278,1.1579943182451333,-5.972464636075497,11.860493916141984,17.83295855221748,-0.0394160645872354,1.1576536495451821,11.860493916141984,-0.01059419116725428,0.5452601272357249,-5.625861860191821,2.2129364537283776,7.838798313920199,0.0110748631786555,0.5450617629613475,2.2129364537283776,0.8296509344898325,1.3187889647081799,0.0035412557302893,15.499934020017063,15.496392764286774,0.3756837086333366,1.5574348248937406,15.499934020017063,0.021158228164476996,0.16570448155277656,-0.8135784268379211,1.0930877923965454,1.9066662192344666,0.0002083647996187,0.16695899353325883,1.0930877923965454,-0.0693288165795519,0.22689514156499097,-1.898417830467224,1.2940561771392822,3.1924740076065063,-0.0343145169317722,0.23713077519258863,1.2940561771392822,0.048100712921120524,0.2856806560341801,-0.996097981929779,2.103600025177002,3.099698007106781,0.0025564860552549,0.28954608479828026,2.103600025177002,0.25361105546612667,0.32208586883135004,0.0008495987154402,2.8431488639714004,2.8422992652559604,0.1367595981262779,0.4098087911295823,2.8431488639714004,3.247984159192655,2.6170275163794785,-1.4311933713302016,5.811876014712452,7.243069386042654,4.565939257533848,4.170211787015054,5.811876014712452,8.684338128891357,0.5279081454819297,7.894898679065704,9.579514730539918,1.6846160514742143,8.678043444955348,8.700351016225426,9.579514730539918,0.8507990534971317,1.5369989076341366,-0.6725162533514202,3.581935819213092,4.254452072564512,0.0737123887076741,1.7560223013174914,3.581935819213092
NFA_StumblingForward_Polina9,non_fall,stumbling_forward,polina,middle_cut_non_fall,-0.002402022450632194,0.539519782367663,-2.1076566087417303,2.3362381314873693,4.4438947402291,-0.01753653347343205,0.5392446436050461,2.3362381314873693,-0.05127130595808092,0.9984704150960536,-6.739738463616371,7.529535088610649,14.26927355222702,-0.050120998474955505,0.9992675283303162,7.529535088610649,0.03594987085790445,0.49424220350396963,-2.496808048149944,2.0751076534450053,4.57191570159495,0.036203240020573096,0.4952916559492591,2.0751076534450053,0.713318774474371,1.013349875405673,0.0253953223022147,7.874078677783786,7.848683355481572,0.29381963194420213,1.2388035370005495,7.874078677783786,0.07322630990299507,0.19075013675406524,-0.4829605221748352,0.9963215589523317,1.4792820811271667,0.019941446371376452,0.20422997882149907,0.9963215589523317,0.021944265392233313,0.19305310245547486,-0.6181061267852783,0.7931937575340271,1.4112998843193054,0.0124470209702849,0.19419657429242912,0.7931937575340271,0.048518280031569994,0.21544775643279881,-0.7062554359436035,1.6747936010360718,2.3810490369796753,0.00884445616975425,0.2207340208590036,1.6747936010360718,0.2446255773853317,0.2614863372378934,0.0082440036558079,1.703198623657388,1.6949546200015801,0.10842818756884984,0.35797444277619583,1.703198623657388,3.8596107662178465,2.02947279554842,0.7774290916565805,5.772817677521705,4.995388585865125,5.200198114813864,4.360168992075113,5.772817677521705,8.186434660609729,1.1735818101706414,6.97355423375368,9.75430080408156,2.780746570327879,7.374827341979741,8.270040811191647,9.75430080408156,-1.725330698605337,2.4072799411019674,-4.254439359213412,2.202752621105313,6.457191980318726,-3.324942294844985,2.9606990440220193,2.202752621105313
NFA_Walking_Lukas1,non_fall,walking,lukas,middle_cut_non_fall,-0.041379252500803626,2.158982294761625,-14.478065940266848,8.65791718724966,23.13598312751651,-0.009084346948564,2.1580904742465576,8.65791718724966,-0.31062482510780587,2.714956698962428,-21.210330707001685,6.921369873008132,28.131700580009817,0.032810967233776994,2.7310587193564917,6.921369873008132,0.08827962692945455,3.7279153031674377,-35.62459374492168,10.631116956359149,46.25571070128083,0.01364884185250845,3.7267360850008893,10.631116956359149,3.345632397596055,3.850848955754016,0.0290994123899149,37.911248487219176,37.88214907482926,2.1728966773225125,5.099470371602781,37.911248487219176,0.02345779138688901,1.235539510657977,-3.893656015396118,6.268610000610352,10.16226601600647,-0.0064412401989102,1.235024891350893,6.268610000610352,0.03008846586030021,1.4970046578362515,-8.825056076049805,6.823882102966309,15.648938179016113,0.00713904853910205,1.4964137160679254,6.823882102966309,-0.039990100703426686,0.5301572319569884,-3.2230658531188965,1.6999425888061523,4.923008441925049,-0.00113798957318065,0.5313478116750003,1.6999425888061523,1.403209349316429,1.4423442852358783,0.0038417775370169,9.271736837811646,9.267895060274629,0.9868076439920335,2.011683620469261,9.271736837811646,-3.5091941015690478,0.9826812221372212,-5.365221796014905,-0.8303641977041959,4.534857598310709,-3.662620444386452,3.644029813967042,-0.8303641977041959,-8.96933128012826,0.41349311952286444,-9.663018358656764,-7.769779430490732,1.8932389281660322,-8.905644870622456,8.97884603628285,-7.769779430490732,-0.48545905688774094,1.427767599888229,-3.714272159560025,3.3482404605850578,7.062512620145083,0.09413910436439325,1.507235287999831,3.3482404605850578
NFA_Walking_Lukas10,non_fall,walking,lukas,middle_cut_non_fall,0.0065817598237015934,1.9485494914825838,-9.326032721424102,7.26908499404788,16.595117715471982,0.0223304897516965,1.9476404002255274,7.26908499404788,-0.24181934025151702,2.3389809020170063,-17.10324727035165,8.033035230123996,25.136282500475644,0.024612463209033,2.350349382061764,8.033035230123996,0.07867069097502134,3.4606767728962646,-36.689676799082754,10.625006364524364,47.314683163607114,0.0169373985365033,3.4599369581385835,10.625006364524364,2.945583932080929,3.5530360455682533,0.0166982125957716,40.48553035394736,40.46883214135159,2.060869954194244,4.613958073134393,40.48553035394736,-0.03377007099416598,1.0565769246388381,-4.349223613739014,4.271830558776856,8.62105417251587,-0.007797900121659,1.0566177435481343,4.271830558776856,-0.08894851334996318,1.380953046805444,-8.105229377746582,5.516871929168701,13.622101306915283,0.0012250153813511,1.3831638986418293,5.516871929168701,-0.04437829381150894,0.47926615251491567,-2.038036108016968,1.6998738050460815,3.7379099130630498,-0.0019930703565478,0.4810910297483673,1.6998738050460815,1.2229749722319094,1.329297863124492,0.0048759621783486,8.174811749894237,8.16993578771589,0.8380787747558222,1.805832773373869,8.174811749894237,-3.122115193625848,0.8670950682197384,-4.586660850784182,0.0535648370522074,4.64022568783639,-3.509543952219188,3.240177028146675,0.0535648370522074,-9.152970771642062,0.24372560450001926,-9.721905431911347,-8.464046474009752,1.257858957901595,-9.128705145728588,9.156212100214905,-8.464046474009752,-0.41005439336980914,1.2918399729895904,-3.5161402817443013,2.857008264492452,6.373148546236753,-0.0298538390278117,1.3547764566093619,2.857008264492452
NFA_Walking_Lukas2,non_fall,walking,lukas,middle_cut_non_fall,0.05488939328665644,2.0127422735338723,-9.854143572580814,9.677195937091112,19.531339509671923,0.05461129563152785,2.0124823117747117,9.677195937091112,-0.25588846523639014,2.3093823297752873,-16.335621560633182,7.923646634644269,24.25926819527745,0.01453004513382905,2.3223655433856796,7.923646634644269,0.08901426577623073,3.678683304199975,-42.81451226327419,9.535641102021932,52.35015336529612,0.050329362262319696,3.677917149909402,9.535641102021932,3.0362479933138284,3.7101930644940904,0.021526285264532,44.0758675095814,44.054341224316865,2.1076209060257654,4.792759261000791,44.0758675095814,-0.04902488300656128,1.0372962836649204,-4.341551303863525,4.894194602966309,9.235745906829834,0.00844672461971635,1.0379349109645737,4.894194602966309,-0.11876281944825827,1.621334665765789,-7.808727741241455,6.527573108673096,14.33630084991455,-0.0061930334195494,1.624868213613207,6.527573108673096,-0.05151889472185001,0.46595175150452456,-2.74696946144104,1.5848417282104492,4.331811189651489,0.00030149007216095,0.4685591586091463,1.5848417282104492,1.3570077867709842,1.4483387143821833,0.0116610602051014,7.833811439309002,7.822150379103901,0.9534671333787779,1.9842009162698528,7.833811439309002,-2.7804455027204797,0.9449495188002749,-4.909521516552568,0.2793401067380793,5.188861623290647,-3.029980274349451,2.936479536391879,0.2793401067380793,-9.14751709249437,0.35326728937211926,-9.724918057730791,-8.157322704049944,1.5675953536808471,-9.184347830234469,9.154329122734417,-8.157322704049944,-1.1840745312670788,1.5316828985295874,-3.539293778316676,2.785951445494592,6.325245223811268,-1.704943603905663,1.9353899460402504,2.785951445494592
NFA_Walking_Lukas3,non_fall,walking,lukas,middle_cut_non_fall,0.17714938170425631,2.8952347697818683,-7.929623370966315,19.53425510485768,27.463878475823996,0.0208155551441013,2.8990198363174247,19.53425510485768,-0.175730936372139,2.315324686365381,-14.233886597025393,7.228653614938259,21.462540211963653,0.0484188707321882,2.320682249480791,7.228653614938259,0.1640897365213519,3.4942781501452473,-47.71154780774116,9.037170186847447,56.74871799458861,0.0684831325849518,3.496160716172392,9.037170186847447,3.0455222204974777,4.093495781440123,0.0105231241583784,51.825829968861086,51.81530684470271,1.8378651943067985,5.100296252937096,51.825829968861086,0.030458416569998474,0.8551902299555745,-4.2166428565979,2.740751981735229,6.95739483833313,0.0109667293727397,0.8552505617204947,2.740751981735229,-0.06513533294670758,1.4283317412421297,-4.942192077636719,8.604804039001465,13.546996116638184,-0.0296290945261716,1.4290115951432363,8.604804039001465,-0.02515057724306786,0.680427589693714,-3.914470911026001,2.897738456726074,6.812209367752075,-0.0003724248381331,0.6805088484079457,2.897738456726074,1.207389655960084,1.3344803793308213,0.0056665831041459,8.715985072939946,8.7103184898358,0.7385108726733519,1.7990608536507449,8.715985072939946,2.87794637549107,1.194095539329665,0.8374477262243628,5.628698544922471,4.791250818698108,3.037475306279957,3.115578916366441,5.628698544922471,-9.226871225378545,0.417856401528782,-9.757944129019975,-7.757054973474144,2.0008891555458312,-9.292677564311028,9.236317433601274,-7.757054973474144,0.09041617271874715,1.0710346335871872,-2.349378621958941,3.7933731688037513,6.142751790762692,0.1223733656666241,1.0742425321525972,3.7933731688037513
NFA_Walking_Lukas4,non_fall,walking,lukas,middle_cut_non_fall,-0.015682531073286925,2.4953739046558914,-6.861456379315257,15.609181263262032,22.470637642577287,0.00983326561972495,2.4936945208171712,15.609181263262032,-0.324566792061863,2.9956868622665036,-16.457084040266274,9.37290845436752,25.829992494633792,0.0198702371180057,3.011154898504551,9.37290845436752,0.032302681960687245,4.23454360136324,-56.68106426203251,10.486391674560307,67.16745593659282,0.02040268176058305,4.231733367913669,10.486391674560307,3.725553992463348,4.3977457712334544,0.0341322750965482,60.88864912085781,60.85451684576126,2.8299548062393907,5.76134823483666,60.88864912085781,0.018183579322300886,1.1219162190989338,-3.9644875526428223,2.971506357192993,6.935993909835815,0.0055409185588359,1.1212864482237004,2.971506357192993,0.03554469834332073,1.7621349359374754,-7.611148834228516,8.896377563476562,16.507526397705078,0.021686540916562,1.7612729028908767,8.896377563476562,-0.07999963470098725,0.6121469929948519,-3.123988628387451,1.6348118782043457,4.758800506591797,0.0029926123097538497,0.6169318231023211,1.6348118782043457,1.5272129758161705,1.5527170304839213,0.0105945940252167,9.138426946929998,9.127832352904782,1.1040236588448336,2.177147310538295,9.138426946929998,-1.4633948147205023,0.8274963763387505,-3.552144784322381,1.2966875779896974,4.848832362312079,-1.7922428979784248,1.680870675885622,1.2966875779896974,-9.560697171198772,0.16642572723760893,-9.781499192130566,-8.846249555584787,0.9352496365457785,-9.61841583134234,9.562143565113159,-8.846249555584787,-0.14425939451704356,1.3756021145985406,-3.0208029884204266,3.2475545192599293,6.268357507680356,0.19134990779170763,1.3821979100464092,3.2475545192599293
NFA_Walking_Lukas5,non_fall,walking,lukas,middle_cut_non_fall,0.01800782110820021,2.1717071770906657,-11.123963601911068,11.8411100012362,22.965073603147268,0.04024674325771625,2.1706528357515045,11.8411100012362,-0.2742172535650014,2.54546598106834,-17.359521540534494,7.328792151513695,24.68831369204819,0.02623626501858225,2.558878039873906,7.328792151513695,0.11408198147152983,3.7936172027964004,-39.557883626198766,8.719895212256908,48.277778838455674,0.0266197113782167,3.793360801178076,8.719895212256908,3.287372271073226,3.8545823352626565,0.0199697539667188,43.44481932641589,43.42484957244917,2.410653358624856,5.064501626440586,43.44481932641589,-0.049372671939008586,1.1442540162752424,-3.662345170974731,5.231764316558838,8.89410948753357,-0.0070634293369948,1.1447243676318317,5.231764316558838,-0.15026153321148006,1.562328029236323,-5.88511848449707,7.505813121795654,13.390931606292725,0.0011396545451134,1.5687288209158055,7.505813121795654,-0.039818235040712996,0.4893313554899381,-2.093588590621948,1.5858913660049438,3.6794799566268916,-0.0027485151076689,0.4906951842015343,1.5858913660049438,1.4246165369454535,1.4087641707486795,0.0075478517522428,8.223139065039145,8.215591213286903,1.1089379731636353,2.0030191599734057,8.223139065039145,-3.3605903404654605,1.0162178676267515,-5.747385130101442,-0.9077353874806314,4.839649742620811,-3.501379058203101,3.510725380813037,-0.9077353874806314,-9.038224011762107,0.35948315177521556,-9.70455857579112,-7.927060242480039,1.7774983333110814,-9.043051353840529,9.045362739571102,-7.927060242480039,-0.4832256631925457,1.339763663732769,-3.704975923426449,2.894263351653516,6.599239275079965,-0.42193202977003524,1.423589774655027,2.894263351653516
NFA_Walking_Lukas6,non_fall,walking,lukas,middle_cut_non_fall,0.014859799775724103,2.7022309903630783,-12.423095065921544,14.659611424940824,27.082706490862368,-0.0182006234053522,2.700679983001051,14.659611424940824,-0.4565291611066731,3.399078610945055,-23.615418502831456,9.800430687093732,33.41584918992519,0.0306049816220998,3.427615153174846,9.800430687093732,0.25694880720777347,4.5307554124310805,-40.45745346207619,11.963872457551956,52.421325919628146,0.1016331499142106,4.535370829762119,11.963872457551956,4.170533477478853,4.716424291373258,0.0294993867444646,45.161802895325614,45.13230350858115,3.4142449143039126,6.29379111285984,45.161802895325614,-0.0021563307190197705,1.3031326422658123,-5.856277942657471,4.2297682762146,10.08604621887207,0.0143078649416565,1.3023667497698572,4.2297682762146,-0.046460400475902115,1.7162501612297574,-14.810894966125488,8.18188762664795,22.992782592773438,-0.001710997079499,1.7158682326396555,8.18188762664795,-0.05758869740357831,0.6718721150544971,-3.1831650733947754,2.391188621520996,5.5743536949157715,-0.0056920889765024,0.6739413167509095,2.391188621520996,1.5985665016001858,1.594408748036576,0.0056251867279106,14.992737125726434,14.987111938998524,1.2441786316424666,2.2571131653313237,14.992737125726434,-2.835168708855664,1.3193992243424504,-5.793559436777234,0.400370021906495,6.193929458683729,-2.731596462711692,3.1268107540689374,0.400370021906495,-9.13199449137083,0.44367218793313745,-9.773481305369732,-7.372826523551344,2.400654781818387,-9.161063108497858,9.142753225677522,-7.372826523551344,-0.6601899108975685,1.5396258698563663,-3.392739819785952,3.074267744365334,6.467007564151286,-0.8270227052565664,1.6743674897347647,3.074267744365334
NFA_Walking_Lukas7,non_fall,walking,lukas,middle_cut_non_fall,-0.05445673258087162,2.1745664103303444,-10.43161379019022,12.225006442725658,22.656620232915877,0.014951631546765501,2.1740320124949517,12.225006442725658,-0.35841994573825625,3.063757830180026,-21.38208428097964,7.215349896728992,28.59743417770863,0.026968670946359602,3.0829494535995785,7.215349896728992,0.10845854451621044,4.118993803183288,-41.32682455904484,10.046667547386884,51.37349210643172,0.05794599757876705,4.118117950583523,10.046667547386884,3.662149156785949,4.218822149069972,0.0081832601660649,47.78214395593725,47.77396069577119,2.9560716990980493,5.584790773137434,47.78214395593725,-0.014835593511868202,1.2648444563583643,-4.2907795906066895,5.622830390930176,9.913609981536865,-0.013168207835405999,1.2642239014206256,5.622830390930176,-0.03599070363534277,1.570917005057736,-6.341662883758545,7.592782974243164,13.934445858001709,-0.0077863321639597,1.5704506318091251,7.592782974243164,-0.06233815211564161,0.5206551497874584,-2.5113604068756104,1.088765025138855,3.6001254320144653,-0.005250944290310099,0.5240845415925174,1.088765025138855,1.4795743520865652,1.4671432553829928,0.0032072168293398,7.685778955466813,7.682571738637473,1.0973734544141052,2.083084699816382,7.685778955466813,-3.882770753108783,0.6817032284523761,-5.430612259814143,-1.8804707781381904,3.5501414816759524,-4.066327209500223,3.942094391645456,-1.8804707781381904,-8.839032945029954,0.30307609353993886,-9.476407407286764,-7.967517340552806,1.508890066733958,-8.888651357984543,8.844221603712946,-7.967517340552806,-0.3455071197616903,1.5143363591467713,-3.2931741146624085,3.646605859783292,6.939779974445701,-0.09951847301491065,1.5524254125168215,3.646605859783292
NFA_Walking_Lukas8,non_fall,walking,lukas,middle_cut_non_fall,-0.016166859703110117,2.7739534236274817,-11.758886476057768,13.798926323252916,25.557812799310682,0.0447641476169228,2.7723249639680687,13.798926323252916,-0.4273498319481414,3.237525455411285,-21.292285352110863,7.871428956151008,29.16371430826187,-0.0164577983260154,3.263669721500376,7.871428956151008,0.1485855216501228,4.7011237254820175,-46.78375725502968,8.87283887182474,55.65659612685442,0.10351326913896475,4.700632982564962,8.87283887182474,4.340263466655963,4.649892704028859,0.028195707237591,51.14185211410612,51.11365640686853,3.804067170423739,6.358716552391408,51.14185211410612,0.005090950514838897,1.2222942396461174,-3.610341787338257,3.434521675109864,7.044863462448121,-0.0075634862296283,1.221566524733063,3.434521675109864,0.09489764486960302,1.753762743815617,-7.906506538391113,7.925612449645996,15.83211898803711,0.011027046479284701,1.7552705576869077,7.925612449645996,-0.06160909875877008,0.6583297166617664,-2.645473003387451,1.918481707572937,4.563954710960388,-0.0022539681522175,0.6608103126726059,1.918481707572937,1.740203003621128,1.4085309250226328,0.0119553364955484,8.110554943976862,8.098599607481313,1.5647036893344273,2.23827383810949,8.110554943976862,-2.17883532697135,1.2700262636754953,-3.969639251770079,2.570751820760965,6.540391072531044,-2.598195269612223,2.521575314174819,2.570751820760965,-9.339072715781363,0.2580561013228603,-9.79902374290526,-8.61595319174528,1.1830705511599788,-9.347470646250247,9.34263301836329,-8.61595319174528,-0.2298627988221712,1.5739788612398866,-3.3467321018487213,3.2459464995414016,6.592678601390123,0.017257195371421348,1.589734041123553,3.2459464995414016
NFA_Walking_Lukas9,non_fall,walking,lukas,middle_cut_non_fall,0.07124908683814038,2.4635122410242367,-8.80383489370346,16.426117239594458,25.229952133297918,-0.0098994627237319,2.463121823615544,16.426117239594458,-0.321517649532186,2.9688879803429997,-24.619856241893768,6.719195441803336,31.339051683697104,0.0342144042909145,2.9845440200469544,6.719195441803336,0.07123788784464681,5.0222567795357795,-63.84560050184727,9.2862349640429,73.13183546589018,0.038857261660695,5.019865102889343,9.2862349640429,3.4894910299794444,5.294270411801979,0.0294984426626095,65.53479218203083,65.50529373936821,1.9386999656746424,6.338258260498339,65.53479218203083,0.008179047881776518,1.0841239474662463,-4.393229007720947,5.085424900054932,9.478653907775879,-0.0033940472640097,1.0835294217344056,5.085424900054932,-0.04491924884596962,1.5936848906832561,-11.041725158691406,10.352142333984377,21.39386749267578,0.0083286575973033,1.5933988269032289,10.352142333984377,-0.06584845089370808,0.5744520553926705,-2.725859880447388,1.9846645593643188,4.7105244398117065,-0.0034686760045588,0.577884560418872,1.9846645593643188,1.3107807134888945,1.5269084502118646,0.0068100164926856,11.40294208688326,11.396132070390573,0.7330622362221183,2.0116924204537816,11.40294208688326,-1.1590103804354817,0.7840458117392559,-3.158965842963755,1.309628454235941,4.468594297199696,-1.4599002642460166,1.3990439121837546,1.309628454235941,-9.619524833869196,0.15845515657035156,-9.803857738932969,-8.984466186141967,0.8193915527910018,-9.669020229420063,9.620828296274535,-8.984466186141967,-0.09694361343474087,1.2826638509937263,-2.910716766065359,3.1420734526127574,6.052790218678116,0.1183517728671897,1.2855843069783377,3.1420734526127574
NFA_Walking_Polina1,non_fall,walking,polina,middle_cut_non_fall,0.015525375844540126,1.4467306628916148,-5.008314483737945,11.16974569439888,16.178060178136825,-0.0533764931395649,1.4458839437600477,11.16974569439888,-0.03134975567243246,1.0237635106675065,-5.915105503040552,2.7910288948893545,8.706134397929906,-0.00033960721790789997,1.023585546670979,2.7910288948893545,-0.030984199354667116,1.3483772006790609,-8.079428147986532,3.303863850980997,11.383291998967529,0.03485582573330025,1.34786652876741,3.303863850980997,1.5859688438414155,1.5629762389183959,0.0351221448178059,11.509244797394103,11.474122652576298,1.201036777516245,2.2259945933331338,11.509244797394103,-0.10615760197110025,0.5884458544508894,-2.093316078186035,2.7427783012390137,4.836094379425049,-0.04735033772885795,0.597572493387647,2.7427783012390137,0.18181863060229456,1.2536226406491853,-5.115060806274414,5.742275714874268,10.857336521148682,0.10326141119003296,1.265941439041372,5.742275714874268,-0.02524118016325512,0.40269155299654324,-2.490329027175904,1.1883535385131836,3.678682565689088,-0.012038548476994,0.4032234759143094,1.1883535385131836,1.0452470636560685,1.0154179665764567,0.0173190520687438,6.599806152639775,6.582487100571031,0.800436628065973,1.4568080805185308,6.599806152639775,4.586007398512038,0.49556305208757245,3.0627620154887434,5.903633091911673,2.8408710764229297,4.542583370257169,4.612670694809512,5.903633091911673,-8.533076424286824,0.2555855170497914,-9.294823928689956,-7.708491141313314,1.5863327873766417,-8.554026020142434,8.536898339285223,-7.708491141313314,1.3495451611848375,0.4404531033031672,0.0214090617745532,2.6820678771719333,2.66065881539738,1.4314047490585595,1.4195146080007988,2.6820678771719333
NFA_Walking_Polina10,non_fall,walking,polina,middle_cut_non_fall,0.09686080900813653,1.1027820231075336,-3.820656604787707,3.8618104529529806,7.682467057740688,0.0218655025884509,1.1062940556943597,3.8618104529529806,-0.007158766008286839,1.0460874285912776,-6.145568455618619,3.847679051747918,9.993247507366537,0.0411778135627508,1.0454133837668358,3.847679051747918,0.13908046385284284,1.1416097493381516,-6.899529212599992,4.739157351106405,11.638686563706397,0.0469867555698379,1.1492937736251654,4.739157351106405,1.4951249476017447,1.1849590372227954,0.0536246441757835,7.590152436087426,7.536527791911643,1.3168653329085245,1.9072629233320386,7.590152436087426,0.12255441380859923,0.5123868026105833,-1.984463095664978,2.1448988914489746,4.129361987113953,0.0281549096107482,0.5265066939980935,2.1448988914489746,-0.3962573572083716,1.3583889175935884,-5.1896162033081055,4.437597274780273,9.627213478088379,-0.0932829603552818,1.4141346349891795,4.437597274780273,0.020714680815317004,0.3827288189785518,-2.112688541412353,1.0823476314544678,3.195036172866821,0.0237940810620784,0.3830337813481508,1.0823476314544678,1.1589185961647372,1.0402179068646176,0.0082211727335474,5.282535353045277,5.2743141803117295,0.8852346734363838,1.556823992092441,5.282535353045277,2.7896153385408775,0.6757379357398227,1.5648697281092403,4.774456043502688,3.209586315393448,2.768469564817845,2.870185682661356,4.774456043502688,-9.340946124732021,0.23376695260496605,-9.661220369324088,-8.47524065271914,1.1859797166049475,-9.390330129289628,9.343866894029775,-8.47524065271914,0.6165616541625198,0.4947218183562023,-0.6578619242507964,2.419778730613738,3.0776406548645343,0.555613154055737,0.790298160409361,2.419778730613738
NFA_Walking_Polina2,non_fall,walking,polina,middle_cut_non_fall,0.06290732673320869,1.4950769959095453,-5.078851078253984,6.161843883115052,11.240694961369037,0.0114124976351857,1.4951204177701638,6.161843883115052,-0.021841247932709834,1.1317204117608863,-5.083001183670759,3.290107128307223,8.373108311977981,0.026227204929292147,1.130961977733437,3.290107128307223,0.13605890314997127,1.4695151538467917,-11.745464684426784,5.077095174497366,16.82255985892415,0.0370679670911282,1.474547076804066,5.077095174497366,1.8127976915292023,1.5513331749501893,0.0132242814543863,12.05095928964396,12.037735008189573,1.451895986499348,2.385109880157175,12.05095928964396,0.07213278446021196,0.8493007443431367,-2.7669968605041504,3.584475040435791,6.351471900939941,-0.0007776070851831999,0.851633589091439,3.584475040435791,-0.09920175390777318,1.1763093884883264,-4.284481048583984,3.3291220664978027,7.613603115081787,0.0173919582739472,1.1794809916403322,3.3291220664978027,-0.0027803024707668276,0.4121270699251711,-1.567850112915039,1.1732128858566284,2.7410629987716675,0.00842636730521915,0.41178345643626624,1.1732128858566284,1.1563506192974455,0.9749367216423359,0.0068453824992494,5.522677684830605,5.515832302331356,0.9527504707895551,1.5119592569590707,5.522677684830605,6.358706789931501,0.5053469601186872,5.3041918655127285,8.172242625284195,2.8680507597714664,6.280709331992268,6.3787216825568835,8.172242625284195,-7.407097679512923,0.4605270654542987,-8.23377758269906,-5.401325959575176,2.8324516231238848,-7.509831732492149,7.421375751995735,-5.401325959575176,0.3624882317324636,0.5239770500457658,-1.142075035361573,1.6297618869975208,2.7718369223590935,0.4390294229075312,0.6367727568912572,1.6297618869975208
NFA_Walking_Polina3,non_fall,walking,polina,middle_cut_non_fall,0.005323318065761853,1.24370544857669,-3.889892638099193,4.789220481914281,8.679113120013474,-0.0217119925271719,1.242865869925825,4.789220481914281,-0.05314973502905604,0.967133512505869,-5.034854115617275,2.4388339980870484,7.473688113704323,0.0202367323428392,0.9679321156826716,2.4388339980870484,0.06437576850410479,1.5349421498579867,-18.81277155311108,3.036370267647505,21.849141820758586,0.1455272458314895,1.535242194547057,3.036370267647505,1.7260735778165541,1.3644756005276437,0.0652407511220168,18.87956173283781,18.814320981715795,1.606070223435443,2.199676509651834,18.87956173283781,-0.005738257343540664,0.6166988830734158,-2.163005828857422,1.8667998313903809,4.029805660247803,0.0153483860194683,0.616303634409663,1.8667998313903809,-0.03638880423724998,1.268711835659961,-4.277364253997803,4.227444171905518,8.50480842590332,-0.0295812208205461,1.268365842796751,4.227444171905518,0.01820706912423401,0.4475576412713552,-2.0194687843322754,2.974430561065674,4.993899345397949,0.0153192020952701,0.4476218501038718,2.974430561065674,1.2066219034359307,0.8567468169969923,0.0141292632612434,4.980559521185001,4.966430257923758,1.027711992342321,1.4795091759264238,4.980559521185001,0.4805493479933436,1.0338810767804014,-2.1770583540089428,3.272194454997778,5.449252809006721,0.6140845957141369,1.1394628118059769,3.272194454997778,-9.72080224319872,0.08968733130095695,-9.806635386952758,-9.213590583592651,0.5930448033601063,-9.74127648733556,9.72121541088968,-9.213590583592651,0.22488374639577427,0.5655514486487808,-1.3893242145024238,1.8775630739979443,3.266887288500368,0.2030952723767608,0.6082627650076444,1.8775630739979443
NFA_Walking_Polina4,non_fall,walking,polina,middle_cut_non_fall,0.10640318854399367,1.3514063905342113,-5.857271153709292,5.72241727758348,11.579688431292773,0.0693634590834379,1.3546515479428045,5.72241727758348,-0.02284427229825495,0.99695399324479,-6.934467839512228,2.8108149608552453,9.745282800367473,0.025884382840991,0.99652233534074,2.8108149608552453,0.1431789151112627,1.3063922205798488,-10.245436554062366,3.686691786456108,13.932128340518474,0.0679997695147991,1.3133115308197372,3.686691786456108,1.6075384071873007,1.4040965110335804,0.0378173433273928,10.512698420912656,10.474881077585263,1.3676092397311392,2.133758364520425,10.512698420912656,0.1481104999682212,0.6457602041715773,-2.0821423530578613,2.5507915019989014,4.632933855056763,0.04009360820055,0.6620898584244047,2.5507915019989014,-0.38096847807566253,1.409394171659509,-7.423322677612305,7.497286796569824,14.920609474182129,-0.0850434973835945,1.459029196969381,7.497286796569824,-0.029851535148011917,0.4200774155006162,-1.8764489889144893,1.5173019170761108,3.3937509059906,-0.007477865088731,0.4208452422937576,1.5173019170761108,1.1771797030675886,1.1663532429045593,0.0170348745802598,7.691193343318352,7.674158468738092,0.9183248437414168,1.6565747481471689,7.691193343318352,3.3387207655539908,0.8180624128201058,1.7653040376484392,6.331330096682906,4.566026059034466,3.1542329692229627,3.437346605764318,6.331330096682906,-9.155732689979827,0.34469194508427714,-9.55239174581468,-7.482266556957364,2.0701251888573156,-9.267086026936768,9.16220979788441,-7.482266556957364,-0.1358645830223514,0.6253249005143164,-2.298220243260264,1.5703189334258436,3.8685391766861077,-0.045217517407611,0.639489297672507,1.5703189334258436
NFA_Walking_Polina5,non_fall,walking,polina,middle_cut_non_fall,0.06448778022316463,1.3007818046841457,-4.007186307615042,6.065310093033314,10.072496400648355,-0.00894906666371965,1.301453676987568,6.065310093033314,-0.01119011952959831,1.0459801866692569,-6.901747473171353,3.232662655076384,10.134410128247737,0.0412801048934459,1.045294819141215,3.232662655076384,0.10945086454667596,1.4294107411301302,-11.536865188610554,3.275056274169683,14.811921462780237,0.0990580113297328,1.432579490232532,3.275056274169683,1.6013978476497663,1.509130918653666,0.0392019512000165,12.85730181478908,12.818099863589064,1.3739662611404062,2.199706100392238,12.85730181478908,0.011451313773268287,0.44595487761024266,-1.3201547861099243,1.424635410308838,2.744790196418762,-0.00337678834330285,0.445784237785777,1.424635410308838,0.003147091619349337,1.3195775601983764,-4.355668544769287,4.579040050506592,8.934708595275879,-0.0216071382164955,1.3186411106480036,4.579040050506592,0.008142883187236837,0.35806241292094665,-1.9492664337158203,1.377785086631775,3.327051520347595,0.00724467402324075,0.3578999366158503,1.377785086631775,1.0321228686123058,1.0008894797870338,0.0121479524772827,4.623117626394454,4.610969673917172,0.7486394761414659,1.4372300894355352,4.623117626394454,1.0970968939594843,0.560982252904591,-0.3455935623085126,2.552956051829457,2.89854961413797,1.1464174850126727,1.2320204505856243,2.552956051829457,-9.685921570782908,0.07031676364893355,-9.801814834928512,-9.42129868352711,0.3805161514014017,-9.68984265269637,9.686176442706147,-9.42129868352711,0.8041175992490246,0.429131888682978,-0.3360569780804217,2.0354997195474804,2.371556697627902,0.9057963822420686,0.9113160612092329,2.0354997195474804
NFA_Walking_Polina6,non_fall,walking,polina,middle_cut_non_fall,0.11203023480458246,1.3070075197856685,-5.050628023332357,4.932947400325537,9.983575423657893,0.045947274720575595,1.3108249852204934,4.932947400325537,-0.057364215225266836,1.2470019769320897,-10.079750317299366,4.147579113167524,14.22732943046689,0.035462066264450504,1.2473879582934784,4.147579113167524,0.12333693129794703,1.884529801907076,-22.40984210535288,4.029089511865378,26.43893161721826,0.0612990936992224,1.887153419075419,4.029089511865378,1.9196766322595176,1.7762746961522313,0.0089702080770894,22.776292775547784,22.767322567470696,1.6716472138542198,2.6144955321250642,22.776292775547784,-0.005171719853122144,0.6962354530529892,-2.484443187713623,3.2512025833129883,5.735645771026611,0.0084292567335069,0.6957333457537948,3.2512025833129883,-0.045703378257140916,1.410956223658477,-3.726009130477905,6.050848484039307,9.776857614517212,-0.017178750596940448,1.4106402901301722,6.050848484039307,-0.009910133171305176,0.38435739739862695,-2.0116024017333984,1.0599558353424072,3.0715582370758057,0.01807508617639535,0.3841974311058428,1.0599558353424072,1.2223575912782507,1.062586823403021,0.0105658067754503,6.2026355033021865,6.192069696526736,1.032257539838702,1.61912278181756,6.2026355033021865,1.0537904929624389,0.855132105941145,-0.4067476306470111,2.811936658361554,3.218684289008565,1.173615836529061,1.3566984317325084,2.811936658361554,-9.634744705840303,0.10041748088069685,-9.801212192860245,-9.332764075505732,0.4684481173545123,-9.635822308695317,9.635267205525185,-9.332764075505732,-0.33819079072141905,1.1743404237815125,-2.965531475314498,1.84558256623894,4.811114041553438,0.06353124123204029,1.221222321151266,1.84558256623894
NFA_Walking_Polina7,non_fall,walking,polina,middle_cut_non_fall,0.08934998418099116,1.3625627966804545,-4.186039484465122,7.029747830140591,11.215787314605713,0.03594612345434725,1.36465584569869,7.029747830140591,-0.03081392957319086,1.0278755488766735,-5.627260036551952,2.527956635129452,8.155216671681405,0.043472061979770604,1.0277075835819922,2.527956635129452,0.13269055573211266,1.399186213268934,-11.066228036779163,4.3838405228912825,15.450068559670445,0.12464229697929691,1.404610150109956,4.3838405228912825,1.650310165983159,1.4732733802959337,0.0247797197516135,12.516923395474834,12.49214367572322,1.4422454736417742,2.211650543902327,12.516923395474834,0.12813495050553078,0.5673325913505312,-1.957436800003052,2.081698417663574,4.039135217666626,0.052825927734374944,0.5812833997218569,2.081698417663574,-0.36792144790752884,1.4101686038146375,-5.9463982582092285,5.995360851287842,11.94175910949707,-0.07194157689809795,1.4565386034178045,5.995360851287842,0.017169852551317085,0.43675190851074186,-2.496229648590088,2.0027334690093994,4.498963117599487,0.0053870498668402,0.43682178109289543,2.0027334690093994,1.1719301357987897,1.1306435028211108,0.0262329313492435,6.435276084135875,6.409043152786632,0.8437310488317293,1.6279460563776853,6.435276084135875,2.928164331510654,0.7454362471747925,1.2303840909987689,4.959949973541498,3.729565882542729,2.851381218390912,3.0214467687558524,4.959949973541498,-9.3029152216581,0.2610714926100943,-9.698446814912558,-8.38728705945611,1.3111597554564476,-9.36698461727649,9.306573290865629,-8.38728705945611,0.4608915628401869,0.46560301485188565,-1.0043176928792148,1.970790954402089,2.9751086472813038,0.46700131607968354,0.6549362799643894,1.970790954402089
NFA_Walking_Polina8,non_fall,walking,polina,middle_cut_non_fall,0.11648325840993275,1.6661057519501201,-3.787612121059,8.134546808618307,11.922158929677307,-0.0438370958998799,1.668685374581852,8.134546808618307,-0.024605872437171314,1.3448666392573572,-12.327552624964714,5.226206708556413,17.55375933352113,0.0460217464625835,1.3438884579413626,5.226206708556413,0.14134368464036684,1.7034739844398845,-11.14682191492915,4.527999402979016,15.674821317908165,0.1280336747169494,1.7078086998106001,4.527999402979016,2.061859388973723,1.8060255857923464,0.0488526649239272,13.436588382336948,13.38773571741302,1.69957448382264,2.7399192728765134,13.436588382336948,0.02099344409562394,0.6390974786149987,-2.497823715209961,1.906904697418213,4.404728412628174,0.0400272905826568,0.6388705972071812,1.906904697418213,-0.014893969634634465,1.7442158423403864,-5.14888334274292,5.82341194152832,10.97229528427124,-0.0553196258842945,1.7427186685502185,5.82341194152832,0.023970142176394784,0.45349279509526735,-2.5622267723083496,1.5604084730148315,4.122635245323181,0.0456564389169216,0.4537206008190953,1.5604084730148315,1.4290880895523357,1.2695183166356048,0.0223169109107085,6.106819253869891,6.0845023429591825,1.06339714776733,1.9107816152812827,6.106819253869891,3.3791477320418832,0.611346487737991,2.0114514660924674,4.83581096817553,2.824359502083063,3.341043242557346,3.4339067151236065,4.83581096817553,-9.120834602401523,0.23596930939069752,-9.546099367672204,-8.475824005565046,1.0702753621071572,-9.157282420915363,9.123881068393485,-8.475824005565046,0.9127215132031875,0.5485841445730363,-0.6606239363100379,2.5018176930055023,3.1624416293155404,0.9615795711971818,1.064643960191814,2.5018176930055023
NFA_Walking_Polina9,non_fall,walking,polina,middle_cut_non_fall,0.1409097122278864,1.3416392660445693,-4.199558306729793,6.204636730659008,10.404195037388801,-0.0186441293891519,1.3480372451712688,6.204636730659008,0.0004395209198576441,1.0963590202086084,-6.911389161741734,3.43767201744616,10.349061179187894,0.0485454197213053,1.0955526654396937,3.43767201744616,0.1761018806941825,1.5779036766126477,-13.676843081372976,5.427963791131973,19.10480687250495,0.1567851191605441,1.586546703963246,5.427963791131973,1.7488943066945353,1.5746700144731676,0.0289045409666418,13.895983380165388,13.867078839198747,1.451240721175963,2.3525667899079084,13.895983380165388,0.1695955371227362,0.5948301820486255,-1.4781949520111084,2.167036533355713,3.6452314853668213,0.05375358462333675,0.6181142805557531,2.167036533355713,-0.4247732346120756,1.6560497566416639,-7.3259711265563965,5.853463172912598,13.179434299468994,-0.0538844838738441,1.7084788579052248,5.853463172912598,-0.007200596017954762,0.41385374740231606,-1.9394621849060056,1.978716731071472,3.9181789159774776,0.0066971103660761495,0.41361201376817763,1.978716731071472,1.330679812169342,1.305311093140189,0.0143491317767294,7.399718881786103,7.385369750009374,0.9397285665151773,1.8633411307834817,7.399718881786103,3.276117070297326,0.7389249809171865,1.917622112663835,4.848569035200774,2.930946922536939,3.366743793264031,3.3582957329049,4.848569035200774,-9.18406051537632,0.2749856124617983,-9.60452057698071,-8.460809391784668,1.1437111851960413,-9.189393715447187,9.188170298571785,-8.460809391784668,0.4439345099460815,0.5225774265617837,-1.389541656645387,1.6536679555028675,3.043209612148255,0.49000424346653737,0.6853928925064577,1.6536679555028675
